Mod,Adds Reload Listeners,Adds Resource/Data Pack Finders,Auto-reloads Config Files,Automatic Testing,Custom 3D Models,Custom Advancements,Custom Animals,Custom Anvil Recipes,Custom Block Models,Custom Block Renderer,Custom Block Textures,Custom Blocks,Custom Brewing Recipes,Custom Client Commands,Custom Data Map Types,Custom Data Pack Sync,Custom Dimension Types,Custom Dimensions,Custom Entities,Custom Entity Attributes,Custom Entity Renderers,Custom GUI Screens,Custom GUI Textures,Custom Item Models,Custom Item Renderer,Custom Item Textures,Custom Items,Custom Key Mappings,Custom Loot Tables,Custom Mobs,Custom Model Loaders,Custom Network Packets,Custom Particles,Custom Potion Effects,Custom Recipe Types,Custom Recipes,Custom Registries,Custom Server Commands,Custom Shaders,Custom Structures,Custom Tag Assignments,Custom Tooltip Components,Custom World Generation,Handles Block Harvesting,Handles Chunk Loading,Handles Explosion Detonation,Handles Left Clicks with Empty Hands (Client-side),Handles Right Clicks with Empty Hands (Client-side),Handles Right Clicks with Items,Has Capability Providers,Has Commands,Listens to Bow Loose Events,Listens to Bow Nock Events,Listens to Chunk Load Events,Listens to Chunk Unload Events,Listens to Client Chat Messages,Listens to Dimension Change Events,Listens to Entity AI Target Change Events,Listens to Entity Block Destruction Events,Listens to Entity Breathing Events,Listens to Entity Damage Events,Listens to Entity Death Events,Listens to Entity Drop Events,Listens to Entity Equipment Change Events,Listens to Entity Fall Events,Listens to Entity Healing Events,Listens to Entity Interaction Events,Listens to Entity Interaction Events with Click Positions,Listens to Entity Join World Events,Listens to Entity Jump Events,Listens to Entity Knockback Events,Listens to Entity Shield Block Events,Listens to GUI Close Events,Listens to GUI Open Events,Listens to Inter-Mod Communication Events,Listens to Item Crafting Events,Listens to Item Pickup Events,Listens to Item Smelting Events,Listens to Left Click Block Events,Listens to Player Login Events,Listens to Player Logout Events,Listens to Potion Effect Added Events,Listens to Potion Effect Applicable Events,Listens to Potion Effect Expired Events,Listens to Potion Effect Removed Events,Listens to Recipe Updates,Listens to Right Click Block Events,Listens to Server About to Start Events,Listens to Server Chat Messages,Listens to Server Started Events,Listens to Server Starting Events,Listens to Server Stopped Events,Listens to Server Stopping Events,Listens to Tag Updates,Localization,Modifies Block Breaking,Modifies Block Breaking Speed,Modifies Block Placement,Modifies Default Components,Modifies Entity Spawning,Modifies Explosions,Modifies Farmland Trampling,Modifies GUI Rendering,Modifies Item Attributes,Modifies Methods,Modifies Tooltips,Modifies Villager Trades,Modifies Wandering Trader Trades,Modifies World Rendering,Patchouli Guide Book,Runs Client Tick Logic,Runs Entity Tick Logic,Runs Player Tick Logic,Runs Server Tick Logic,Runs World Tick Logic,Stores Data in World Saves,Uses Access Transformers,Uses Data Generators,Uses Data Maps,Uses Loot Modifiers,Uses Minecraft Functions
accelerateddecay,,,,,,,,,,,,,,,,,,,,,,,,,,,,,,,,,,,,,,,,,,,,,,,,,,,,,,,,,,,,,,,,,,,,,,,,,,,,,,,,,,,,,,,,,,,,,,,X,,,,,,,,,,,,,,,,,,,,,,X,,,,
actuallyadditions,,,,,,,,X,X,X,X,X,,,,,,,X,,,X,X,X,,X,X,,X,,,,X,,X,X,,,,,X,,X,,,X,,,X,,,,,,,,,,,,,,X,,,,,,,,,,,,,X,X,X,,X,,,,,,,X,,,,,,,,X,X,,,,,,,,,X,,,,,X,X,,X,,,X,X,X,,X,
additional_lights,,,,,,,,,,,X,X,,,,,,,,,,,,X,,X,X,,,,,,,,,,,,,,X,,,,,,,,,,,,,,,,,,,,,,,,,,,,,,,,,,,,,,,,,,,,,,,,,,,,,,X,,,,,,,,,,,,,,,,,,,,,,,,,,
advanced_ae,,,,,X,X,,,X,X,X,X,,,,,,,X,,,X,,X,,X,X,,X,,,,,,X,,,,,,X,,,,,,,,,,,,,,,,,,,X,X,,,,X,,,,,X,,,,,,,,,,,,,,,,,,,,,,,,,X,,X,,,,,,,X,X,,,,,,,,X,,,,X,X,,,
ae2,X,,,,X,X,,,X,X,X,X,,,,,X,,X,,,X,,X,,X,X,,X,,,,X,,X,X,,,,,X,,X,,,,,,,,,,,X,X,,,,,,,,,,,,,,,,,,,,,,,,,,,,,,,X,,,,X,,,,,X,,,,,,,,,,X,,,,X,,,,,,,X,X,X,,,
ae2ct,,,,,,,,,,,,,,,,,,,,,,X,,,,,,,,,,,,,,,,,,,,,,,,,,,,,,,,,,,,,,,,,,,,,,,,,,,,,,,,,,,,,,,,,,,,,,,,,X,,,,,,,,,,X,,,,,,,,,,,,,,,,
ae2importexportcard,,,,,,,,,,,,,,,,,,,,,,X,X,X,,X,X,,,,,,,,,,,,,,,,,,,,,,,,,,,,,,,,,,,,,,,,,,,,,,,,,,,,,,,,,,,,,,,,,,,,X,,,,,,,,,,X,,,,,,,,,,,,X,,,,
ae2jeiintegration,,,,,,,,,,,,,,,,,,,,,,,,,,,,,,,,,,,,,,,,,,,,,,,,,,,,,,,,,,,,,,,,,,,,,,,,,,,,,,,,,,,,,,,,,,,,,,,,,,,,,,,,,,,,,,,,,,,,,,,,,
ae2netanalyser,,,,,,X,,,,,,,,,,,,,,,,X,X,X,,X,X,,,,,,,,,,,,,,,,,,,,,,,,,,,,,,X,,,,,,,,,,,,,,,,,,,,,,,,X,,,,,,,,,,X,,,,X,,,,,,,,,,,,,,,,,,,,,,,X,,,
ae2wtlib,,,,,,X,,,,,,,,,,,,,X,,,X,,X,,X,X,,,,,,,,X,X,,,,,X,,,,,,,,,,,X,X,,,,,,,,,,,,,,,X,,,,,,,,,X,,,,,,,,,,X,,,,,,,,X,,,,,,,,,,X,,,,,,X,,,,,,X,,,,
ae2wtlib_api,,,,,,,,,,,,,,,,,,,,,,,,,,,X,,,,,,,,,,,,,,,,,,,,,,,,,,,,,,,,,,,,,,,,,,,,,,,,,,,,,,,,,,,,,,,,,,,,X,,,,,,,,,,,,,,,,,,,,,,X,,,,
aeinfinitybooster,,,,,,X,,,,,,,,,,,,,,,,X,,X,,X,X,,,,,,,,,,,,,,,,,,,,,,,,,,,,,,,,,,,,,,,,,,,,,,,,,,,,,,,,,,,,,,,,,,,,X,,,,,,,,,,X,,,,,,,,,,,,,X,,,
aiimprovements,,,,,,,,,,,,,,,,,,,,,,,,,,,,,,,,,,,,,,,,,,,,,,,,,,,,,,,,,,,,,,,,,,,,,X,,,,,,,,,,,,,,,,,,,,,,,,,,,,,,,,,,,,,,,,,,,,,,,,X,,,,
allthearcanistgear,,,,,,X,,,,,,,,,,,,,,,,,,X,X,X,X,,,,,,,,,,,,,,X,,,,,,,,,,,,,,,,,,,,X,,,,X,,,,,,,,,,,,,,,,,,X,,,,,,,,,,,,X,,,,,,,,,,,,,,,,,,,,,,,X,,,
allthecompressed,,,,,,X,,,X,,X,X,,,,,,,,,,,,X,,,,,X,,,,,,,X,,,,,X,,,,,,,,,,,,,,,,,,,,,,,,,,,,,,,,,,,,,,,,,,,,,,,,,,,,,,X,,,,,,,,,,,,,,,,,,,,,,,X,,,
alltheleaks,,,,,,,,,,,,,,,,,,,,,,,,,,,,,,,,,,,,,,,,,,,,,,,,,,,,,,,,,,,,,,,,,,,,,,,,,,,,,,,,,,,,,,,,,,,,,,,,,,,,,,,,,X,,,,,,,,,,,,X,,,,
allthemodium,,,,,,X,,,X,,X,X,,,,,X,X,X,X,X,,,X,X,X,X,,X,X,,,,,,X,,,,,X,,X,,,,,,,,,,,,,,,,,,,,,,X,,,,,,,,,,,,,,,,,,,,,,,,,,,,,,X,X,,X,,,,,,,,,,,,X,,,,,,,X,X,,,
alltheores,,,,,,X,,,X,,X,X,,,,,,,,,,,,X,,X,X,,X,,,,,,,X,,,,,X,,X,,,,,,,,,,,,,,,,,,,,,,,,,,,,,,,,,,,,,,,,,,,,,,,,,,,,X,,,,,,,,,,,,,,,,,,,,,,X,X,,,
allthetweaks,,,X,,,X,,,X,,X,X,,,,,,,,,,,X,X,,X,X,,X,,,,,,,X,,,,,X,,,,,,,,,,,,,,,,,,,,,,,,,,,,X,,,,,,,,,,,,,,,,,,,,,,,,,,X,,,,,,,,,,X,,,,,,,,,,,,X,X,,,
allthewizardgear,,,X,,,X,,,,,,,,,,,,,,,,,,X,,X,X,,,,,,,,,,,,,,X,,,,,,,,,,,,,,,,,,,,X,,,,X,,,,,,,,,,,,,,,,,,,,,,,,,,X,,,,X,,,,,,,,,,X,,,,,,,,,,,,,X,,,
almanac,,,,,,,,,,,,,,,,,,,,,,,,,,,,,,,,,,,,,,,,,,,,,,,,,,,,,,,,,,,,,,,,,,,,,,,,,,,,,,,,,,,,,,,,,,,,,,,,,,,,,,,,,X,,,,,,,,,,,,,,,,
almostunified,,,,,,,,,,,,,,,,,,,,,,,,,,,,,,,,,,,X,,,,,,,,,,,,,,,,,,,,,,,,,,,,,,,,,,,,,,,,,,,,,,,,,,,,,,,,,,,,X,,,,,,,,,,X,,,,,,,,,,,,,,,,
amendments,,,,,X,,,,X,X,X,X,,,,,,,X,,,X,,X,,X,X,,X,,,,X,,X,,,,,,X,,,,,,,,X,,,,,,,,,,,,,,,,,,,,,,,,,,,,,,,,,,,,,,X,,,,,,,,X,,,,,,,,,,X,,,,,,,,,,,,X,,,,
antiblocksrechiseled,,,,,,X,,,X,,,X,,,,,,,,,,,,X,,,X,,X,,,,,,,,,,,,X,,,,,,,,,,,,,,,,,,,,,,,,,,,,,,,,,,,,,,,,,,,,,,,,,,,,,,X,,,,,,,,,,,,,,,,,,,,,,,X,,,
apothic_attributes,X,,,,,,,,,,,,,,,X,,,X,,,X,X,,,,,,,,,,X,X,,,,X,,,X,,,,,,,,,,,,,,,,,,,,X,,,,,X,,,X,,,,,,,,,,,,,,,,,,,,,,,,,,X,,X,,,,,,,X,X,,,,,,,,,,,,X,X,,,
apothic_enchanting,X,,,,,,,X,X,,,X,,,,X,,,X,,,X,X,X,,,X,,X,,,,,,X,X,,,,,X,,,,,,,,,X,,,,,,,,,,,,,X,,,X,,,,,,X,,,X,,,,,,,,,,,,X,,,,,X,,,X,X,X,,,,,,X,,X,,,,,,,,,,,,X,X,,X,
apothic_spawners,,,,,,,,,,,,X,,,,X,,,,,,,X,,,,X,,,,,,,,X,X,,,,,X,,,,,,,,,,,,,,,,,,,,,,X,,,,,,,,,,,,,,,,,,,,,,,,X,,,,,,,,X,,,,,,,,,,X,,,,,,,X,,,,,X,,,,
appflux,,,X,,,X,,,X,,X,X,,,,,,,,,,X,,X,,X,X,,X,,,,,,,X,,,,,X,,,,,,,,,X,,,,,,,,,,,,,,,,,,,,,,,,,,,,,,,,,,,,,,,,,,,,,X,,,,,,,,,,X,,,,,,,,,,,,,X,,,
appleskin,,,,,,,,,,,,,,,,,,,,,,,,,,,,,,,,X,,,,,,,,,,,,,,,,,,,,,,,,,,,,,,,,,,,,,,,,,,,,,,,,X,,,,,,,,,,,,,,,,,,,,,,,,,,X,,,,,,X,,,,,,,,,
appmek,,,,,,X,,,,,,,,,,,,,,,,,,X,,X,X,,,,,,,,,X,,,,,X,,,,,,,,,,,,,,,,,,,,,,,,,,,,,,,,,,,,,,,,,,,,,,,,,,,,,,X,,,,,,,,,,X,,,,,,,,,,,,,X,,,
aquaculture,,,,,,X,X,,X,X,X,X,X,,,,,,X,X,X,X,,X,X,X,X,,X,X,,,,,X,,,,,,X,,,,,,,,,,,,,,,,,,,,,,,,,,,,,,,,,,,,,,,,,,,,,,,,,,,,,,X,,,,X,,,,,,,,,,,,,,X,,,,X,,,,
architectury,,,,,,,,,,,,X,,X,,,,,X,X,X,,,,,,X,,,,,,,,,,,X,X,,,,,,,X,X,X,X,,,,,,,X,X,,,,X,X,,,,,X,,X,,,,,X,,X,X,X,X,X,X,,,,,X,X,X,X,X,X,X,X,,,X,,X,,X,X,X,X,,X,,,,,,X,,X,X,X,,X,,,,
ars_additions,X,,,,,X,,,X,X,X,X,,,,,,,,,X,X,,X,,X,X,X,X,,,X,,X,X,X,,X,,X,X,,X,,,,,,,,,,,,,,,,,,,X,,,,,,,,,,,,,,,X,,,X,X,,X,,,,,,,X,,,,,X,,,,,,,,,,X,,,,,X,X,,,X,,X,X,X,,X,
ars_elemental,,,,,,X,X,,X,X,X,X,X,,,,,,X,X,X,X,X,X,X,X,X,X,X,X,,X,X,X,X,X,,,,,X,,X,,,,,,,,,,,,,,,,,,X,X,X,,,X,,,X,,,X,,,,,,,,,,X,X,,,,,,,,,,,,X,,,,,,,,,,X,,,,,X,,,,,,,X,X,,,
ars_nouveau,X,,X,,,X,X,,X,X,X,X,X,,,,,,X,X,X,X,X,X,X,X,X,X,X,X,,,X,X,X,X,,X,X,,X,X,X,,,,X,,X,,,,,,,,X,,,,,X,,X,X,X,,,,X,X,X,,,,,X,,X,X,X,X,,X,X,,X,,,,,,,,X,,,,,X,,,,,X,X,X,,X,X,X,,X,X,X,X,X,X,,X,
ars_ocultas,,,,,,,,,,,,,,,,,,,X,,,X,,,,X,,,,X,,,,,,,,,,,,,,,,,,,,X,,,,,,,,,,,,,,,,,,,,,,,,,,,,,,,,,,,,,,,,,,,,,,,,,,,,,,,,,,,,X,,,,,,,X,X,,,
arseng,,,,,,X,,,X,X,X,X,,,,,,,,,,,,X,,X,X,,X,,,,,,,,,,,,X,,,,,,,,,,,,,,,,,,,,,,,,,,,,,,,,,,,,,,,,,,,,,,,,,,,,,,X,,,,,,,,,,X,,,,,,,,,,,,,,,,
artifacts,,,,,,,,,,,,,,,,,,,X,,,,X,X,,X,X,,X,X,,,,,,,,,,,X,,X,,,,,,,,,,,,,,,,,,,,,,,,,,,,,,,,,,,,,,,,,,,,,,,,,,,,X,,,,,,,,,,X,,,,,,,,,,,,,X,,X,
athena,,,,,X,,,,,,,,,,,,,,,,,,,,,,,,,,X,,,,,,,,,,,,,,,,,,,,,,,,,,,,,,,,,,,,,,,,,,,,,,,,,,,,,,,,,,,,,,,,,,,,,,,,,,X,,,,,,,,,,,,,,,,
atlas_api,,,,,X,,,,,,,,,,,,,,,,,,,,,,,,,,X,,,,,,,,,,,,,,,,,,,,,,,,,,,,,,,,,,,,,,,,,,,,,,,,,,,,,,,,,,,,,,,,,,,,,,,,,,,,,,,,,,,,,,X,,,,
attributefix,,,,,,,,,,,,,,,,,,,,,,,,,,,,,,,,,,,,,,,,,,,,,,,,,,,,,,,,,,,,,,,,,,,,,,,,,,,,,,,,,,,,,,,,,,,,,,,,,,,,,,,,,,,,,,,,,,,,,,,,,
auroras,,,,,,,,,,,,,,,,,,,,,,,,,,,,,,,,,,,,,,,,,,,,,,,,,,,,,,,,,,,,,,,,,,,,,,,,,,,,,,,,,,,,,,,,,,,,,,,,,,,,,,,,,X,,,,,,,,,,,,,,,,
balm,,,,,X,,,,,,,,,,,,,,,X,X,,,,,,,X,,,,X,,,,,,,,,X,,,,,,,,,,,,,,,,,,,,,,,,,,,,,,,,,,,,,,,,,,,,,,,,,,,,,,,,,,,,,,,,X,,,,,,,,,,,,,,,,
betteradvancements,,,X,,,,,,,,,,,,,,,,,,,X,X,,,,,,,,,,,,,,,,,,,,,,,,,,,,,,,,,,,,,,,,,,,,,,,,,,,X,,,,,,,,,,,,,,,,,,,,,X,,,,,,,,,,,,,,,,,,,,,,X,,,,
betterdeserttemples,,,,,,,,,,,,,,,,,,,X,,,,,,,,,,X,,,,,,,,,,,X,X,,X,,,,,,,,,,,,,,,,,,,,,,,,,,,,,,,,,,,,,,,,,,,,,,,,,,,,X,,,,,,,,,,X,,,,,,,,,,,,,,,,
betterdungeons,,,,,,,,,,,,,,,,,,,,,,,,,,,,,X,,,,,,,,,,,X,X,,X,,,,,,,,,,,,,,,,,,,,,,,,,,,,,,,,,,,,,,,,,,,,,,,,,,,,X,,,,,,,,,,X,,,,,,,,,,,,,,,,
betterendisland,,,,,,,,,,,,,,,,,,,,,,,,,,,,,,,,,,,,,,,,,X,,,,,,,,,,,,,,,,,,,,,,,,,,,,,,,,,,,,,,,,,,,,,,,,,,,,,,X,,,,,,,,,,X,,,,,,,,,,,,,,,,
betterfortresses,,,,,,X,,,,,,,,,,,,,,,,,,,,,,,X,,,,,,,,,,,X,X,,X,,,,,,,,,,,,,,,,,,,,,,,,,,,,,,,,,,,,,,,,,,,,,,,,,,,,X,,,,,,,,,,X,,,,,,,,,,,,,,,,
betterjungletemples,,,,,,,,,,,,,,,,,,,,,,,,,,,,,X,,,,,,,,,,,X,X,,X,,,,,,,,,,,,,,,,,,,,,,,,,,,,,,,,,,,,,,,,,,,,,,,,,,,,X,,,,,,,,,,X,,,,,,,,,,,,,,,,
bettermineshafts,,,,,,,,,,,,,,,,,,,,,,,,,,,,,,,,,,,,,,,,,X,,X,,,,,,,,,,,,,,,,,,,,,,,,,,,,,,,,,,,,,,,,,,,,,,,,,,,,X,,,,,,,,,,X,,,,,,,,,,,,,,,,
betteroceanmonuments,,,,,,,,,,,,,,,,,,,X,,,,,,,,,,X,,,,,,,,,,,X,X,,X,,,,,,,,,,,,,,,,,,,,,,,,,,,,,,,,,,,,,,,,,,,,,,,,,,,,X,,,,,,,,,,X,,,,,,,,,,,,,,,,
betterstrongholds,,,,,,X,,,,,,,,,,,,,,,,,,,,,,,X,,,,,,,,,,,X,X,,X,,,,,,,,,,,,,,,,,,,,,,,,,,,,,,,,,,,,,,,,,,,,,,,,,,,,X,,,,,,,,,,X,,,,,,,,,,,,,,,,
betterwitchhuts,,,,,,,,,,,,,,,,,,,,,,,,,,,,,X,,,,,,,,,,,,X,,X,,,,,,,,,,,,,,,,,,,,,,,,,,,,,,,,,,,,,,,,,,,,,,,,,,,,X,,,,,,,,,,X,,,,,,,,,,,,,,,,
bibliocraft,,,,,X,X,,,X,X,X,X,,,,,,,X,X,X,X,X,X,,X,X,,X,,,X,,,,X,,,,,X,,,,,,,,,X,,,,,,,,,,,,,,,,,,,,,,,,,,,,,,,,,,,,,,,,,,,,,X,,,,,,,,,,,,,,,,,,,,,,X,X,,,
bibliowoods,,,,,,X,,,,,,X,,,,,,,,,,,,X,,,,,X,,,,,,,X,,,,,X,,,,,,,,,,,,,,,,,,,,,,,,,,,,,,,,,,,,,,,,,,,,,,,,,,,,,,X,,,,,,,,,,,,,,,,,,,,,,,X,,,
bigreactors,,,,,X,X,,,X,X,X,X,,,,,,,,,,X,,X,,X,,,X,,,,,,X,X,,,,,X,,X,,,,,,,,,,,,,,,,,,,,,,,,,,,,,,,,,,,,,,,,,,,,,,,,,,,X,X,,,,,,,,,,,,,,,X,,,,,,,X,X,,,
biomeswevegone,,,,,,X,X,,X,,X,X,,,,,,,X,,,,,X,,X,X,,X,X,,,X,,,,,,,X,X,,X,,,,,,,,,,,,,,,,,,,,,,,,,,,,,,,,,,,,,,,,,,,,,,,,,,,,X,,,,,,,,,,X,,,,,,,,,,,,X,,,X,
blockui,,,,,,,,,,,,,,,,,,,,,,X,X,,,,,,,,,,,,,,,,,,X,,,,,,,,,,,,,,,,,,,,,,,,,,,,,,,,,,,,,,,,,,,,,,,,,,,,,X,X,,,,,,,,,,,,,,,,X,,,,,,X,,,,
blueflame,,,,,,,,,,,,,,,,,,,X,,,,,,,,,,,,,,,,,,,,,,X,,,,,,,,,,,,,,,,,,,,,,,,,,,,,,,,,,,,,,,,,,,,,,,,,,,,,,,,,,,,,,,,X,,,,,,,,,,,,,,,,
bonsaitrees4,,X,X,X,X,,,,X,X,X,X,,,X,X,,,,,X,X,X,X,X,,,,X,,X,X,,,,,X,X,,,X,X,,,,,,,,X,X,,,,,,,,,,,,,,,,,,,,,,,,,,,,,,,,,,,,,,,,,,,,X,,,,,,,,,,,,,,,,,,,,,,X,X,X,,
bookshelf,,,,,,,,,,,,,,,,,,,,,,,,,,,,,,,,,,,,,,,,,X,,,,,,,,,,X,,,,,,,,,,,,,,,,,,,,,,,,,,,,,,,,,,,,,,,,,,,,X,,,,,,,,,,X,,,,,,,,,,,,,,,,
bridgingmod,,,,,,,,,,,,,,,,,,,,,,,X,,,,,,,,,,,,,,,,,,,,,,,,,,,,,,,,,,,,,,,,,,,,,,,,,,,,,,,,,,,,,,,,,,,,,,,,X,,,,,,,,,,X,,,,,,,,,,,,,,,,
buildinggadgets2,,,,,,X,,,X,X,X,X,,,,,,,,,X,X,X,X,,X,X,X,X,,,,X,,,,,,,,X,X,,,,,,,,,,,,,,,,,,,,,,,,,,,,,,,,,,,,,,,,,,,,,,,,,,,,,X,,,,,,,,,,,,,,X,X,X,,,X,,X,X,X,,,
bwncr,,,,,,,,,,,,,,,,,,,,,,,,,,,,,,,,,,,,,,,,,,,,,,,,,,,,,,,,,,,,,,,,,,,,,,,,,,,,,,,,,,,,,,,,,,,,,,,X,,,,,,,,,,,,,,,,,,,,,,,,,,
byzantine,,,,,,,,,,,,,,,,,,,,,,,,,,,,,,,,,,,,,,,,,,,,,,,,,,,,,,,,,,,,,,,,,,,,,,,,,,,,,,,,,,,,,,,,,,,,,,,,,,,,,,,,,,,,,,,,,,,,,,,,,
caelus,,,,,,,,,,,,,,,,,,,X,,,,,,,,,,,,,,,,,,,,,,X,,,,,,,,,,,,,,,,,,,,,,,,,,,,,,,,,,,,,,,,,,,,,,,,,,,,,,X,,,,,,,,,,X,,,,,,,,,,,,,,,,
catjammies,,,,,,,,,,,,,,,,,,,,,,,,,,,,,,,,,,,,,,,,,,,,,,,,,,,,,,,,,,,,,,,,,,,,,,,,,,,,,,,,,,,,,,,,,,,,,,,,,,,,,,,,,X,,,,,,,,,,,,,,,,
charginggadgets,,,,,,X,,,X,,X,X,,,,,,,,,,X,X,X,,,X,,X,,,,,,,,,,,,X,,,,,,,,,,,,,,,,,,,,,,,,,,,,,,,,,,,,,,,,,,,,,,,,,,,,,,X,,,,,,,,,,,,,,,,,,,,,,,X,,,
chipped,,,,,,X,,,X,,,X,,,,,,,,,,X,,X,,X,X,,X,,,,,,X,X,,,,,X,,,,,,,,,,,,,,,,,,,,,,,,,,,,,,,,,,,,,,,,,,,,,,,,,,,,,,X,,,,,,,,,,X,,,,,,,,,,,,,,,,
chisel,,,,,,,,,,,,X,,,,,,,,,,X,,X,,X,X,,X,,,,,,,,,,,,X,,,,,,,,,,,,,,,,,,,,,,,,,,,,,,,,,,,,,,,,,,,,,,,,,,,,,,X,,,,,,,,,,,,,,,,,,,,,,,,,,
clean_tooltips,,,,,,,,,,,,,,,,,,,,,,,,,,,,,,,,,,,,,,,,,,,,,,,,,,,,,,,,,,,,,,,,,,,,,,,,,,,,,,,,,,,,,,,,,,,,,,,X,,,,,,,,,,X,,,,,,,,,,,,,,,,
cleanswing,,,,,,,,,,,,,,,,,,,,,,,,,,,,,,,,,,,,,,,,,,,,,,,,,,,,,,,,,,,,,,,,,,,,,,,,,,,,,,,X,,,,,,,,,,,,,,,,,,,,,,,,,,,,,,,,,,,,,,X,,,,
cloth_config,,,,,,,,,,,,,,,,,,,,,,X,X,,,,,,,,,,,,,,,,,,,,,,,,,,,,,,,,,,,,,,,,,,,,,,,,,,,,,,,,,,,,,,,,,,,,,,,,X,,,,,,,,,,,,,,,,,,,,,,X,,,,
cloudglass,,,,,,X,,,X,,X,X,,,,,,,,,,,,X,,,,,X,,,,,,,,,,,,,,,,,,,,,,,,,,,,,,,,,,,,,,,,,,,,,,,,,,,,,,,,,,,,,,,,,,X,,,,,,,,,,,,,,,,,,,,,,,X,,,
clumps,,,,,,,,,,,,,,,,,,,X,,,,,,,,,,,,,,,,,,,,,,,,,,,,,,,,,,,,,,,,,,,,,,,,,,,,,,,,,,,,,,,,,,,,,,,,,,,,,,,,,,,,,,X,,,,,,,,,,,,,,,,
cobblegengalore,,,X,,,,,,X,X,X,X,,,,,,,,,X,,,X,,,,,X,,,,,,X,X,,,,,X,,,,,,,,,,,,,,,,,,,,,,,,,,,,,,,,,,,,,,,,,,,,,,,,,,,,,,X,,,,,,,,,,,,,,,,,,,,,,X,,,,
cobweb,,,,,,,,,,,,,,,,,,,,,,,,,,,,,,,,,,,,,,,,,,,,,,,,,,,,,,,,,,,,,,,,,,,,,,,,,,,,,,,,,,,,,,,,,,,,,,,,,,,,,,,,,,,,,,,,,,,,,,,,,
colorfulhearts,,,,,,,,,,,,,,,,,,,,,,X,,,,,,,,,,,,,,,,,,,,,,,,,,,,,,,,,,,,,,,,,,,,,,,,,,,,,,,,,,,,,,,,,,,,,,,,,X,,,,,,,,,,X,,,,,,,,,,,,X,,,,
comforts,,,,,,X,,,X,X,X,X,,,,,,,,,,,,X,,X,X,,X,,,,,,,,,,,,X,,,,,,,,,,,,,,,,,,,,,,,,,,,,,,,,,,,,,,,,,,,,,,,,,,,,,,X,,,,,,,,,,X,,,,,,X,,,,,,,X,,,
commoncapabilities,,,X,,,,,,,,,,,,,,,,,,,,,,,,,,,,,,,,,,,,,,,,,,,,,,,,,,,,,,,,,,,,,,,,,,,,,,,,,,,,,,,,,,,,,,,,,,,,X,,,,,,,,,,,,,,,,,,,,,,X,,,,
commonnetworking,,,,,,,,,,,,,,,,,,,,,,,,,,,,,,,,X,,,,,,,,,,,,,,,,,,,,,,,,,,,,,,,,,,,,,,,,,,,,,,,,,,,,,,,,,,,,,,,,,,,,,,,,,,,,,,,,,,,,,,,,,
computercraft,X,,X,,X,X,,,X,X,X,X,,X,,,,,X,,,X,X,X,,X,X,,X,,X,X,,,X,X,X,X,X,,X,,,,X,,,,,X,X,,,,X,,,,,,,,X,,,,,,X,,,,,,,,,,,,,,,,,,X,,,X,X,X,,,X,,,,,,,,,,X,,,,,,X,,,X,,,X,X,,,
connectedglass,,,,,X,X,,,X,,,X,,,,,,,,,,,,X,,,,,X,,,,,,,,,,,,X,,,,,,,,,,,,,,,,,,,,,,,,,,,,,,,,,,,,,,,,,,,,,,,,,,,,,,X,,,,,,,,,,,,,,,,,,,,,,X,X,,,
constructionstick,,,,,,X,,,,,,,,,,,,,,,,X,,X,,X,X,,,,,,,,X,X,,,,,X,,,,,,,,,,,,,,,,,,,,,,,,,,,,,,,,,,,,,,,,X,,,,,,,,,,X,,,,X,,,,,,,,,,,,,,,,X,,,,,,,X,,,
controlling,,,,,,,,,,,,,,,,,,,,,,X,,,,,,,,,,,,,,,,,,,,,,,,,,,,,,,,,,,,,,,,,,,,,,,,,,,,X,,,,,,,,,,,,,,,,,,,,,X,,,,,,,,,,,,,,,,,,,,,,X,,,,
cookingforblockheads,,,,,,X,,,X,X,X,X,,,,,,,,,,X,X,X,,X,X,,X,,,,,,X,X,,,,,X,,,,,,,,,,,,,,,,,,,,,,,,,,,,,,,,,,,,,,,,,,,,,,,,,,,,,,X,,,,,,,,,,,,,,,,,,,,,,,,,,
corgilib,,,,,,,,,,,,,,,,,,,,,,,X,,,,,,,,,X,,,,,,,,,,,,,,,,,,,,,,,,,,,,,,,,,,,,,,,,,,,,,,,,,,,,,,,,,,,,,,,,,,,,,,,,,X,,,,,,,,,,,,X,,,,
cosmeticarmorreworked,,,,,,,,,,,,,,,,,,,,,,X,X,,,,,,,,,,,,,,,,,,,,,,,,,,,,,,,,,,,,,,,,,,,,,,,,,,,,,,,,,,,,,,,,,,,,,,,,X,,,,,,,,,,,,,,,,,,,,,,,,,,
crafting_on_a_stick,,,,,,,,,,,,,,,,,,,,,,,,X,,X,X,X,,,,X,,,,,,,,,X,,,,,,,,,,,,,,,,,,,,,,,,,,,,,,,,,,,,,,,,,,,,,,,,,,,,,,X,,,,,,,,,,,,,,,,X,,,,,,,,,,
craftingtweaks,,,,,,,,,,,,,,,,,,,,,,,,,,,,,,,,,,,,,,,,,,,,,,,,,,,,,,,,,,,,,,,,,,,,,,,,,,,,,,,,,,,,,,,,,,,,,,,X,,,,,,,,,,,,,,,,,,,,,,,,,,
crashutilities,,,,,,,,,,,,,,,,,,,X,,,X,X,,,,,,,,,X,,,,,,X,,,,,,,,,,,,,X,,,,,,,,,,,,,,,,,,,,,,,,,,,,,,,,,,,,,,,X,,,,,X,,,,,,,,X,,,,,,,,X,,,X,,,X,,,,
creeperoverhaul,,,,,,,,,X,,X,X,,,,,,,X,,,,,X,,,,,X,X,,,,,,,,,,,X,,,,,,,,,,,,,,,,,,,,,,,,,,,,,,,,,,,,,,,,,,,,,,,,,,,,,,X,,,,,,,,,,X,,,,,,,,,,,,,,,,
cristellib,,,,,,,,,,,,,,,,,,,,,,,,,,,,,,,,,,,,,,,,,,,,,,,,,,,,,,,,,,,,,,,,,,,,,,,,,,,,,,,,,,,,,,,,,,,,,,,X,,,,,,,,,,,,,,,,,,,,,,,,,,
ctm,,,,,X,,,,,,,,,,,,,,,,,,,,,,,,,,X,,,,,,,,,,,,,,,,,,,,,,,,,,,,,,,,,,,,,,,,,,,,,,,,,,,,,,,,,,,,,,,,X,,,,,,,,,,,,,,,,,,,,,,X,,,,
ctov,,,,,,,,,,,,,,,,,,,,,,,,,,,,,X,,,,,,,,,,,X,X,,X,,,,,,,,,,,,,,,,,,,,,,,,,,,,,,,,,,,,,,,,,,,,,,,,,,,,X,,,,,,,,,,,,,,,,,,,,,,,,,,
cucumber,,,,,,,,,,,,X,,,,,,,,,,X,X,,,,X,,,,,,,,X,,,X,,,X,,,,,,,,,,,,,,,,,,,,,,,,,,,,,,,,,,,,,,,,,,,,,,,,,,,,,X,X,,,,,,,,,,X,,,,,,,,,,,,X,,,,
cupboard,,,,,,,,,,,,,,,,,,,,,,,,,,,,,,,,,,,,,,,,,,,,,,,,,,,,,,,,,,,,,,,,,,,,,,,,,,X,,,,,,,,,,,,,,,,X,,,,,,,,,,,,,,,X,,,,,,X,,,X,,,X,,,,
curios,,,,,,,,,,,,,,,,X,,,,,,X,,,,,,X,,,,,,,,,,,,,,,,,,,,,X,,,,,,,,,,,,,,X,X,,,,,X,,,,,,,,,,,X,,,,,,,,,,,,,,,X,,,,,,,,X,,X,,,,,,X,X,,,,,X,X,,,
cyclopscore,,,X,X,X,,,,X,X,X,X,,,,,,,,,,X,X,X,X,,X,,,,,,X,X,X,,,,,,,,,,,,,,,X,X,,,,,,,,,,,,,,,,,,,,,,,,,X,X,X,,X,,,,,,,,,,,,,,,X,,,,,,,,,,X,,,,,,,X,X,,,X,X,,,,
darkmodeeverywhere,,,X,,,,,,,,,,,,,,,,,,,,,,,,,,,,,,,,,,,,X,,,,,,,,,,,,,,,,,,,,,,,,,,,,,,,,,,,,X,,,,,,,,,,,,,,,,,,,,X,,,,,,,,,,X,,,,,,,,,,,,,,,,
deeperdarker,,,,,,X,X,X,X,X,X,X,X,,,,X,X,X,,X,,,X,,X,X,X,X,X,,,,X,,X,,,,X,X,,X,,,,,,,,,,,,,,,,,,,,,X,,,,,,,,,,,,,,,,,,,,,,,,,,,,,,,X,X,,,,,,,,,X,,,,,,,,,,,,X,X,,X,
dimstorage,,,,,,X,,,X,X,X,X,,,,,,,,,,X,X,X,,X,X,,X,,,,,,,,,,,,X,,,,,,,,,,,,,,,,X,,,,,,,,,,,,,,,,,,,,,,,X,,,,,,,,,,,,,,,X,,,,,,,,,,,,,,,,,,,,,X,X,X,,,
disenchanting_table,,,,,,,,,X,X,X,X,,,,,,,,,X,X,,X,,,,,X,,,,,,,,,,,,X,,,,,,,,,,,,,,,,,,,,,,,,,,,,,,,,,,,,,,,,,,,,,,,,,,,,,,X,,,,,,,,,,X,,,,,,,,,,,,,,,,
domum_ornamentum,,,,,X,X,,,X,,,X,,,,,,,,,,X,,X,,X,X,,X,,X,X,,,X,,,,,,X,,,,,,,,,,,,,,,,,,,,,,,,,,,,,,,,,,,,,,,,,,,,,,,,,,,,,,X,,,,,,,,,,,,,,X,,X,,,,,,X,X,,,
dummmmmmy,,,,,,,,,,,,,,,,,,,X,,,,,X,,X,X,,,X,,,X,,,,,,,,X,,,,,,,,,,,,,,,,,,,,,,,,,,,,X,,,,,,,,,,,,,,,,,,,,,,,,,,X,,,,,X,,,,,X,,,,,,,,,,,,X,,,,
dungeoncrawl,,,,,,,,,,,,,,,,,,,,,,,,,,,,,X,,,,,,,,,,,,X,,X,,,,,,,,,,,,,,,,,,,,,,,,,,,,,,,,,,,,,,,,,,,,,,,,,,,,,,,,,,,,,,,,,,,,,,,,,,X,,,,
dungeons_arise,,,,,,,,,,,,,,,,,,,,,,,,,,,,,X,,,,,,,,,,,X,X,,X,,,,,,,,,,,,,,,,,,,,,,,,,,,,,,,,,,,,,,,,,,,,,,,,,,,,X,,,,,,,,,,,,,,,,,,,,,,,,,,
dyenamics,,,,,,X,X,,X,X,X,X,,,,,,,X,X,X,,,X,X,X,X,,X,X,,X,,,X,X,,,,,X,,,,,,,,,,,,,,,,,,,,,,,,,,,,X,,,,,,,,,,,,,,,,,,,,,,,,,,X,,,,,,,,,,,,,,,,,,,,,,X,X,,,
easy_villagers,,,,,,,,,X,X,X,X,,,,,,,X,,,X,X,X,X,,X,,X,X,,,,,,,,,,,X,,,,,,,,,,,,,,,,,,,,,X,X,,,,X,,,,,,,,,,,,,,,,,,,,X,,,,,,,,X,,,,,,,,,,,,,,,,,,,,,,X,,,,
edivadlib,,,,,,,,,,,,,,,,,,,,,,,,,,,,,,,,,,,,,,,,,,,,,,,,,,,,,,,,,,,,,,,,,,,,,,,,,,,,,,,,,,,,,,,,,,,,,,,,,,,,,,,,,,,,,,,,,,,,,,,,,
elevatorid,,,,,X,,,,X,,X,X,,,,,,,,,,X,X,X,,,,,X,,,X,,,,,,,,,X,,,,,,,,,,,,,,,,,,,,,,,,,,,,,,,,,,,,,,,,,,,,,,,,,,,,,,X,,,,,,,,,,,,,,,,,,,,,,X,,,,
enchdesc,,,,,,,,,,,,,,,,,,,,,,,,,,,,,,,,,,,,,,,,,,,,,,,,,,,,,,,,,,,,,,,,,,,,,,,,,,,,,,,,,,,,,,,,,,,,,,,X,,,,,,,,,,X,,,,,,,,,,,,,,,,
endercore,,,,,,,,,,,,,,,,,,,,,,X,,,,,,,,,X,X,,,X,,,,,,,,,,,,,,,,,,,,,,,,,,,,,,,,,,,,,,,,,,,,,,,,,,,,,,,,,,,,,,,,,,,,,,,,,,,,,,,,,,,,,,
enderio,,,,,,,,,,,,,,,,,,,,,,,,,,,,,,,,,,,,,,,,,,,,,,,,,,,,,,,,,,,,,,,,,,,,,,,,,,,,,,,,,,,,,,,,,,,,,,,,,,,,,,,,,,,,,,,,,,,,,,,,,
enderio_armory,,,,,,X,,,,,,,,,,,,,,,,,,X,,X,X,,,,,,,,X,,,,,,X,,,,,,,,,,,,,,,,,,,,,,,,,,,,,,,,,,,,,,,,,,,,,,,,,,,,,,X,,,,,,,,,,,,,,,,,,,,,,,X,,X,
enderio_base,,,,,X,X,,,X,X,X,X,,,,,,,X,,X,X,X,X,,X,X,,X,,X,X,X,,X,X,,,,,X,,,,,,,,,,,,,,,,X,,,,,,,,,,,X,,,,,,,,,,,,X,,,,,,X,X,,,,,,,,X,,,,X,,,,,,X,,,,X,X,X,,X,,X,X,X,X,,X,
enderio_conduits,,,,,X,X,,,X,,X,X,,,,,,,,,,X,X,X,,X,X,,,,X,X,X,,,,X,,,,X,,,,,,,,,X,,,,,,,,,,,,,,,,,,,,,,,,,,,,,,,,,,,,,X,,,X,,,,,X,,,,,,,,,,,,,,,,,,,,X,X,,X,,,
enderio_conduits_modded,,,,,,X,,,,,,,,,,,,,,,,X,,X,,X,X,,,,,,,,,,,,,,,,,,,,,,,X,,,,,,,,,,,,,,,,,,,,,,,,,,,,,,,,,,,,,,,,,,,,,X,,,,,,,,,,,,,,,,,,,,,,,X,,,
enderio_machines,X,,,,X,X,,,X,X,X,X,,,X,,,,,,,X,,X,X,X,X,,X,,X,X,,,X,X,,,,,X,,,,,,,X,X,,,,,,,,,,,,,,,,,,,,,,,,,,,,,,,,,,,,,X,X,,,,,,,X,X,,,,,X,,,,,X,,,,,,,,,,,,,X,,,
endermanoverhaul,,,,,,,,,X,,,X,,,,,,,X,X,X,,,X,X,X,X,,X,X,,,X,,,,,,,,X,,,,,,,,,,,,,,,,,,,,,,,,,,,,,,,,,,,,,,,,,,,,,,,,,,,,,,X,,,,,,,,,,X,,,,,,,,,,,,,X,,,
entangled,,,,,,X,,,X,,,X,,,,,,,,,,,,X,,,X,,X,,,,,,,,,,,,X,,,,,,,,,,,,,,,,,,,,,,,,,,,,,,,,,,,,,,,,,,,,,,,,,,,,,,X,,,,,,,,,,,,,,,,,,,,,,X,,,,
entityculling,,,,,,,,,,,,,,,,,,,,,,X,,,,,,,,,,,,,,,,,,,,,,,,,,,,,,,,,,,,,,,,,,,,,,,,,,,,,,,,,,,,,,,,,,,,,,,,,X,,,,,,,,,,X,,,,,,,,,,,,,,,,
epherolib,,,,,,,,,,,,,,,,,,,,,,,X,,,,,,,,,,,,,,,X,,,,,,,,,,,,,,,,,,,,,,,,,,,,,,,,,,,,,,,,,,,,,,,,,,,,,,,,,,,,,,,,,,,,,,,,,,,,,,,X,,,,
equipmentcompare,,,,,,,,,,,,,,,,,,,,,,X,,,,,,,,,,,,,,,,,,,,,,,,,,,,,,,,,,,,,,,,,,,,,,,,,,,,,,,,,,,,,,,,,,,,,,,,,X,,,,,,,,,,X,,,,,,,,,,,,X,,,,
eternal_starlight,X,,,,X,X,X,,X,X,X,X,X,,,,X,X,X,X,X,X,X,X,X,X,X,X,X,X,,X,X,X,X,X,,X,X,X,X,,X,,,,,,,,,,,,,,,,,,,,,,,,,,,,,X,,,,,,,,,,,,,,,,,,,,,,,X,X,,,,,,,,,X,,,,X,,X,X,,X,X,X,X,X,,,
euphoria_patcher,,,,,,,,,,,,,,,,,,,,,,,,,,,,,,,,,,,,,,,,,,,,,,,,,,,,,,,,,,,,,,,,,,,,,,,,,,,,,,,,,,,,,,,,,,,,,,,,,,,,,,,,,X,,,,,,,,,,,,,,,,
everythingcopper,,,,,,,,,X,X,X,X,,,,,,,X,,X,,,X,,X,X,,X,X,,,,X,X,X,,,,,X,,,,,,,,,,,,,,,,,,,,,,,,,,,,,,,,,,,,,,,,,,,,,,,,,,,,,,X,,,X,,,,,,,,,,,,,,,,,,,X,X,,X,
evilcraft,,,,X,X,,,,X,X,X,X,,,,,,,X,,,X,X,X,X,X,X,,X,X,X,,X,X,X,X,,,,,X,,X,,,,,,,,,,,,,,,,,,,X,,,,,,,,,,,,,,,,,,X,,,,,,,X,,,,,X,,,X,X,,,,X,,,,,,,,,,,,X,,X,,,X,,,X,
evilcraftcompat,,,,X,X,,,,X,X,X,X,,,,,,,X,,,X,X,X,X,X,X,,X,X,X,,X,X,X,X,,,,,X,,X,,,,,,,,,,,,,,,,,,,X,,,,,,,,,,,,,,,,,,X,,,,,,,X,,,,,X,,,X,X,,,,X,,,,,,,,,,,,X,,X,,,X,,,X,
expandability,,,,,,,,,,,,,,,,,,,X,,,,,,,,,,,,,,,,,,,,,,,,,,,,,,,,,,,,,,,,,,,,,,,,,,,,,,,,,,,,,,,,,,,,,,,,,,,,,,,,,,,,,,X,,,,,,,,,,,,,,,,
experiencelib,,,,,,,,,,,X,,,,,,,,,,,,X,,,,,,,,,,,,,,,,,,,,,,,,,,,,,,,,,,,,,,,,,,,,,,,,,,,,,,,,,,,,,,,,,,,,,,,,,,,,,,,,,,,,,,,,,,,,,,,,,,
explorerscompass,,,,,,,,,,,,,,,,,,,,,,X,,X,,X,X,,,,,,,,,,,,,,X,,,,,,,,,,,,,,,,,,,,,,,,,,,,,,,,,,,,,,,,,,,,,,,,,,,,,,X,,,,,,,,,,,,,,,,,,,,,,,,,,
explorify,,,,,,,,,,,,,,,,,,,,,,,,,,,,,X,,,,,,,,,,,X,X,,X,,,,,,,,,,,,,,,,,,,,,,,,,,,,,,,,,,,,,,,,,,,,,,,,,,,,,,,,,,,,,,,,,,,,,,,,,,,,,,
extended_industrialization,,,,,X,,,,X,X,X,X,,,,,,,,,,,,X,,X,X,,X,,,,,,X,X,,,,,X,X,,,,,,,,,,,,,,,,,,,,,,,,,,,,,,,,,,,,,X,,,,,,,,,,,,,,,,X,,,X,,,,,,,X,,,,,,,,,,,,,X,,,
extendedae,,,X,,X,X,,,X,X,X,X,,,,,,,,,,X,,X,,X,X,X,X,,X,,,,X,X,,,,,X,,,,,,,,,X,,,,,,,,,,,,,,,,,,,,,,,,,,,,,,,,,,,,,X,,,,,,,,X,,,,,,,,,,X,,,,,,,,,,,,X,X,,,
extremesoundmuffler,,,X,,,,,,,,,,,,,,,,,,,X,X,,,,,X,,,,,,,,,,,,,,,,,,,,,,,,,,,,,,,,,,,,,,,,,,,,,,,,,,,,,,,,,,,,,,,,,,,X,,,,,,,,,,X,,,,,,,,,,,,,,,,
fabric_api_base,,,,,,,,,,,,,,,,,,,,,,,,,,,,,,,,,,,,,,,,,,,,,,,,,,,,,,,,,,,,,,,,,,,,,,,,,,,,,,,,,,,,,,,,,,,,,,,,,,,,,,,,,,,,,,,,,,,,,,,,,
fabric_block_view_api_v2,,,,,,,,,,,,,,,,,,,,,,,,,,,,,,,,,,,,,,,,,,,,,,,,,,,,,,,,,,,,,,,,,,,,,,,,,,,,,,,,,,,,,,,,,,,,,,,,,,,,,,,,,X,,,,,,,,,,,,X,,,,
fabric_renderer_api_v1,,,,,X,,,,,,,,,,,,,,,,,,,,,,,,,,,,,,,,,,,,,,,,,,,,,,,,,,,,,,,,,,,,,,,,,,,,,,,,,,,,,,,,,,,,,,,,,,,,,,,,,,,,X,,,,,,,,,,,,,,,,
fabric_rendering_data_attachment_v1,,,,,,,,,,,,,,,,,,,,,,,,,,,,,,,,,,,,,,,,,,,,,,,,,,,,,,,,,,,,,,,,,,,,,,,,,,,,,,,,,,,,,,,,,,,,,,,,,,,,,,,,,,,,,,,,,,,,,,,,,
factory_blocks,,,,,,,,,X,,X,X,,,,,,,,,,,,X,,,X,,X,,,,,,,,,,,,X,,,,,,,,,,,,,,,,,,,,,,,,,,,,,,,,,,,,,,,,,,,,,,,,,,,,,,X,,,,,,,,,,,,,,,,,,,,,,,,,,
farmersdelight,,,,,X,X,,,X,X,X,X,,,,,,,X,,X,X,X,X,X,X,X,,X,,,,X,X,X,X,,,,X,X,X,X,,,,,,,X,,,,,,,,,,,X,,,,,,X,,,,X,,,,,,,,,,,,,,,,X,,,,,,,,X,,,,X,,,,,,X,,X,X,,,,,,,,,X,X,,X,
farmingforblockheads,,,,,,X,,,X,X,X,X,,,,,,,X,,,X,X,X,,X,X,,X,X,,,,,X,X,,,,,X,,,,,,,,,,,,,,,,,,,,,,,,,,,,,,,,,,,,,,,,,,,,,,,,,,,,,,X,,,,,,,,,,,,,,,,,,,,,,,,,,
fastasyncworldsave,,,,,,,,,,,,,,,,,,,,,,,,,,,,,,,,,,,,,,,,,,,,,,,,,,,,,,,,,,,,,,,,,,,,,,,,,,,,,,,,,,,,,,,,,,,,,,,,,,,,,,,,,,,,,,,,,,,,,X,,,,
fastbench,,,,,,,,,,,,,,,,,,,,,,,,,,,,,,,,,,,,,,,,,,,,,,,,,,,,,,,,,,,,,,,,,,,,,,,,,,,,,,,,,,,,,,,,,,,,X,,,X,,,,,,,,,,X,,,,,,,,,X,,,X,,,,
fastfurnace,,,,,,,,,,,,,,,,,,,,,,,,,,,,,,,,,,,,,,,,,,,,,,,,,,,,,,,,,,,,,,,,,,,,,,,,,,,,,,,,,,,,,,,,,,,,,,,,,,,,,,,,,X,,,,,,,,,,,,,,,,
ferritecore,,,,,,,,,,,,,,,,,,,,,,,,,,,,,,,,,,,,,,,,,,,,,,,,,,,,,,,,,,,,,,,,,,,,,,,,,,,,,,,,,,,,,,,,,,,,,,,,,,,,,,,,,X,,,,,,,,,,,,,,,,
fireproofboats,,,,,,,,,,,,,,,,,,,X,,,,,X,,X,,,,,,,,,,,,,,,,,,,,,,,,,,,,,,,,,,,,,,,,,,,,,,,,,,,,,,,,,,,,,,,,,,,,,X,,,,,,,,,,X,,,,,,,,,,,,X,,,,
flickerfix,,,,,,,,,,,,,,,,,,,,,,,,,,,,,,,,,,,,,,,,,,,,,,,,,,,,,,,,,,,,,,,,,,,,,,,,,,,,,,,,,,,,,,,,,,,,,,,,,,,,,,,,,X,,,,,,,,,,,,,,,,
forbidden_arcanus,,,,,,X,,,X,X,X,X,X,,,,,,X,X,,X,X,X,X,X,X,,X,X,,X,X,X,X,X,X,,X,,X,X,X,,,,,,,X,,,,,,,,,,,,X,,,,,X,,X,,,,,,,,,,,,,,,,,,,,,,,,,,X,X,,,X,,,,,,X,X,,X,,,,,X,,,,X,X,,X,
formations,,,,,,,,,,,,,,,,,,,,,,,X,X,,,X,,,,,,,,,,,,,,,,,,,,,,,,,,,,,,,,,,,,,,,,,,,,,,,,,,,,,,,,,,,,,,,,,,,,X,,,,,,,,,,X,,,,,,,,,,,X,X,,,,
formationsnether,,,,,,,,,,,,,,,,,,,,,,,,,,,,,X,,,,,,,,,,,,X,,X,,,,,,,,,,,,,,,,,,,,,,,,,,,,,,,,,,,,,,,,,,,,,,,,,,,,,,,,,,,,,,,,,,,,,,,,,,,,,,
formationsoverworld,,,,,,,,,,,,,,,,,,,,,,,,,,,,,X,,,,,,,,,,,X,X,,X,,,,,,,,,,,,,,,,,,,,,,,,,,,,,,,,,,,,,,,,,,,,,,,,,,,,,,,,,,,,,,,,,,,,,,,,,,,,,,
framedblocks,,,,,X,X,,,X,X,X,X,,,,,,,,,,X,X,X,X,X,X,,X,,X,,X,,X,X,,,,,X,,,,,,,,,,,,,,,,,,,,,,,,,,,,,,,,,,,,,,,,,,,,,,,,,,,,,,X,,,,,,,,,,X,,,,,,,,,,,,X,X,,,
framework,,,,,X,,,,,,,,,,,,,,,,,,,,,,,X,,,X,,,,,,,,,,,,,,,,,,,,,,,,,,X,,,,,X,,,,,,,X,,,,X,X,,X,X,,,X,X,,,,,,,X,,X,,X,X,,,,,,,,,,X,,,,,,,,X,X,X,X,X,,,,,,
ftbchunks,,,,,,,,,,,,,,,,,,,,,,,,,,,,,,,,,,,,,,,,,X,,,,,,,,,,,,,,,,,,,,,,,,,,,,,,,,,,,,,,,,,,,,,,,,,,,,,,X,,,,,,,,,,X,,,,X,,,,,,,,X,,,,
ftbessentials,,,,,,,,,,,,,,,,,,,,,,,,,,,,,,,,,,,,,,,,,X,,,,,,,,,,,,,,,,,,,,,,,,,,,,,,,,,,,,,,,,,,,,,,,,,,,,,,X,,,,,,,,,,,,,,,,,,,,,,X,,,,
ftbfiltersystem,,,,,,,,,,,,,,,,,,,,,,X,,X,,X,X,,,,,,,,,,,,,,,,,,,,,,,,,,,,,,,,,,,,,,,,,,,,,,,,,,,,,,,,,,,,,,,,,,,,X,,,,,,,,,,,,,,,,,,,,,,X,,,,
ftbjeiextras,,,,,,,,,,,,,,,,,,,,,,,,,,,,,,,,,,,,,,,,,,,,,,,,,,,,,,,,,,,,,,,,,,,,,,,,,,,,,,,,,,,,,,,,,,,,,,,X,,,,,,,,,,,,,,,,,,,,,,,,,,
ftblibrary,,,,,,,,,,,,,,,,,,,,,,X,X,X,,X,,,,,,,,,,,,,,,,,,,,,,,,,,,,,,,,,,,,,,,,,,,,,,,,,,,,,,,,,,,,,,,,,,,,,X,,,,,,,,,,X,,,,,,,,,,,,X,,,,
ftbquests,,,,,,,,,X,X,X,X,,,,,,,,,,,X,X,,X,X,,,,,,,,,,,,,,X,,,,,,,,,,,,,,,,,,,,,,,,,,,,,,,,,,,,,,,,,,,,,,,,,,,,,,X,,,,,,,,,,X,,,,,,,,,,,,,,,,
ftbranks,,,,,,,,,,,,,,,,,,,,,,,,,,,,,,,,,,,,,,,,,,,,,,,,,,,,,,,,,,,,,,,,,,,,,,,,,,,,,,,,,,,,,,,,,,,,,,,,,,,,,,,,,X,,,,,,,,,,,,,,,,
ftbteams,,,,,,,,,,,,,,,,,,,,,,,,,,,,,,,,,,,,,,,,,,,,,,,,,,,,,,,,,,,,,,,,,,,,,,,,,,,,,,,,,,,,,,,,,,,,,,,X,,,,,,,,,,,,,,,,,,,,,,,,,,
ftbultimine,,,,,,,,,,,,,,,,,,,,,,,,X,,X,,,,,,,,,,,,,,,X,,,,,,,,,,,,,,,,,,,,,,,,,,,,,,,,,,,,,,,,,,,,,,,,,,,,,,X,,,,,,,,,,,,,,,,,,,,,,,,,,
ftbxmodcompat,,,,,,,,,,,,,,,,,,,,,,,,,,,,,,,,,,,,,,,,,,,,,,,,,,,,,,,,,,,,,,,,,,,,,,,,,,,,,,,,,,,,,,,,,,,,,,,X,,,,,,,,,,,,,,,,,,,,,,,,,,
fuelgoeshere,,,,,,,,,,,,,,,,,,,,,,,,,,,,,,,,,,,,,,,,,X,,,,,,,,,,,,,,,,,,,,,,,,,,,,,,,,,,,,,,,,,,,,,,,,,,,,,,,,,,,,,,,,,,,,,,,,,,,,X,,,,
functionalstorage,,,,,X,X,,,X,X,X,X,,,,,,,,,,,,X,X,X,X,,X,,X,,,,X,X,,,,,X,,,,,,,,,,,,,,,,,,,,,,,,,,,,,,,,,,,,,,,,,,,,,,,,,,,,,,X,,,,,,,,,,,,,,,,,,,,,X,X,X,,,
fusion,,,,,X,,,,,,,,,,,,,,,,,,,,,,,,,,,,,,,,,,,,,,,,,,,,,,,,,,,,,,,,,,,,,,,,,,,,,,,,,,,,,,,,,,,,,,,,,,,,,,,,,,,,X,,,,,,,,,,,,X,X,,,
fzzy_config,,,,,,,,,,,,,,,,,,,,,,X,,,,,,,,,,,,,,,,,,,,,,,,,,,,,,,,,,,,,,,,,,,,,,,,,,,,,,,,,,,,,,,,,,,,,,,,,X,,,,,,,,,,,,,,,,,,,,,,,,,,
gateways,,,,,,,,,,,,,,,,,,,X,,X,,,X,,X,X,,,,,,X,,,X,,X,,,,,,,,,,,,,,,,,,,,,,,X,,,,,,,,,,,,,,,,,,,,,,,,,,,,,,,,,,X,,,,,,,,,,X,,,,,,,,,,,,X,,,,
geckolib,,,,,,,,,,X,,,,,,,,,,,,,,,X,,,,,,,,,,,,,,,,,,,,,,,,,,,,,,,,,,,,,,,,,,,,,,,,,,,,,,,,,,,,,,,,,,,,,,,,,,,,,,,,X,,,,,,,,,,,X,,,,,
generatorgalore,,,,,,X,,,X,,X,X,,,,,,,,,,X,,X,,X,X,,X,,,,X,,X,X,,,,,X,,,,,,,,,X,,,,,,,,,,,,,,,,,,,,,,,,,,,,,,,,,,,,,,,,,,,,,X,,,,,,,,,,,,,,,,,,,,,,X,X,,,
getittogetherdrops,,,X,,,,,,,,,,,,,,,,,,,,,,,,,,,,,,,,,,,,,,,,,,,,,,,,,,,,,,,,,,,,,,,,,,,,,,,,,,,,,,,,,,,,,,,,,,,,,,,,,,,,,,X,,,,,,,,,,,,X,,,,
glassential,,,,,,,,,X,,X,X,,,,,,,,,,,,X,,X,,,X,,,,,,,,,,,,X,,,,,,,,,,,,,,,,,,,,,,,,,,,,,,,,,,,,,,,,,,,,,,,,,,,,,,X,,,,,,,,,,X,,,,,,,,,,,,,,,,
glodium,,,,,,,,,,,,,,,,,,,,,,,,,,,,,,,,,,,,,,,,,,,,,,,,,,,,,,,,,,,,,,,,,,,,,,,,,,,,,,,,,,,,,,,,,,,,,,,,,,,,,,,,,,,,,,,,,,,,,X,,,,
gmut,,,,,,X,,,,,,,,,,,,,,,,,,X,,X,,X,,,,,,,,,,,,,,,,,,,,,,,,,,,,,,,,,,,,,,,,,,,,,,,,,,,,,,,,,,,,,,,,,,,X,,,,,,,,,,,,,,,,,,,,,,,X,,,
gpumemleakfix,,,,,,,,,,,,,,,,,,,,,,,,,,,,,,,,,,,,,,,,,,,,,,,,,,,,,,,,,,,,,,,,,,,,,,,,,,,,,,,,,,,,,,,,,,,,,,,,,,,,,,,,,,,,,,,X,,,,,,X,,,,
grandpower,,,,,,,,,,,,,,,,,,,,,,,,,,,,,,,,,,,,,,,,,,,,,,,,,,,,,,,,,,,,,,,,,,,,,,,,,,,,,,,,,,,,,,,,,,,,,,,,,,,,,,,,,,,,,,,,,,,,,,,,,
handcrafted,,,,,,X,,,X,X,,X,,,,,,,X,,X,,,X,,X,X,,X,,,,,,,,,,,,X,,,,,,,,,,,,,,,,,,,,,,,,,,,,,,,,,,,,,,,,,,,,,,,,,,,,,,X,,,,,,,,,,X,,,,,,,,,,,,,,,,
hardenedarmadillos,,,,,,,X,,,,,,,,,,,,X,,,,,,,,,,,X,,,,,,,,,,,,,,,,,,,,,,,,,,,,,,,,,,,,,,,,,,,,,,,,,,,,,,,,,,,,,,,,,X,,,,,,,,,,X,,,,,,,,,,,,,,,X,
harvest_with_ease,,,,,,,,,,,,,,,,,,,,,,,,,,,,,,,,,,,,,,,,,,,,,,,,,,,,,,,,,,,,,,,,,,,,,,,,,,,,,,,,,,,,,,,X,,,,,,,,,X,,,,,,,,,,,,,,,,,,,,,X,,,,
herbsandharvest,,,X,,,X,,,X,,X,X,,,,,,,,,,,,X,,X,,,X,,,,,,,,,,,,X,,X,,,,,,,,,,,,,,,,,,,,,,,,,,,,,,,,,,,,,,,,,,,,,,,,X,,,,X,,,,,,,,,,,,,,,,,,,,,,,X,,X,
heyberryshutup,,,,,,,,,,,,,,,,,,,,,,,,,,,,,,,,,,,,,,,,,,,,,,,,,,,,,,,,,,,,,X,,,,,,,,,,,,,,,,,,,,,,,,,,,,,,,,,,,,,,,,,,,,,,,,,,,,,,,,,,,,
hostilenetworks,X,,,,,,,,X,,X,X,,X,,X,,,,,,X,X,X,X,X,X,X,X,,,,,,,X,,X,,,X,X,,,,,,,,X,,,,,,,,,,,,X,,,,,,X,,,,,,,,,,,,,,,,,,,,,,,,,,,X,,,,,,,,,,X,X,,,,,X,,,,,,X,X,,,
hyperbox,,,,,,,,,X,X,X,X,,,,,X,,,,,X,,X,,,,,X,,,,,,,,,,,,X,,X,,,,,,,,,,,,,,,,,,,,,,,,,,,,,,,,,,,,,,,,,,,,,,,,,,,,X,,,,,,,,,,X,,,,,,,,,,,X,X,,,,
iceberg,,,X,,,,,,,,,,,,,,,,X,,,,,,,,,X,,,,,,,,,,,,,,X,,,,,,,,,,,,,,,,,,,,,,,,,,,,,,,,,,,,,,X,,,,,,,,,,,,,,,,,,,,,,,,,X,X,,,,,,,,,,,X,,,,
illagerwarship,,,,,,,,,,,,,,,,,,,,,,,,,,,,,,,,,,,,,,,,,,,X,,,,,,,,,,,,,,,,,,,,,,,,,,,,,,,,,,,,,,,,,,,,,,,,,,,,X,,,,,,,,,,,,,,,,,,,X,,,,,,,
imfast,,,,,,,,,,,,,,,,,,,,,,,,,,,,,,,,,,,,,,,,,,,,,,,,,,,,,,,,,,,,,,,,,,,,,,,,,,,,,,,,,,,,,,,,,,,,,,,X,,,,,,,,,,,,,,,,,,,,,,,,,,
immediatelyfast,,,,,,,,,,,,,,,,,,,,,,,,,,,,,,,,,,,,,,,,,,,,,,,,,,,,,,,,,,,,,,,,,,,,,,,,,,,,,,,,,,,,,,,,,,,,,,,,,,,,,,,,,X,,,,,,,,,,,,X,,,,
immersiveengineering,,,X,,X,X,,X,X,X,X,X,,X,,X,,,X,X,X,X,X,X,X,X,X,X,X,X,X,,X,X,X,X,,,X,X,X,X,X,X,,,,,,X,,,,X,X,,,,,,,X,X,,,,,X,X,X,,,,,,,X,,,X,,,,,,X,X,,,X,,,,X,X,,X,,,X,,,,,X,,X,,X,,X,X,X,X,X,X,,,,X,
industrialforegoing,,,,,X,X,,,X,X,X,X,,,,,,,X,,X,X,X,X,,X,X,,X,,,,X,,X,X,,,,,X,,,,,,,,,,,,,,,,,,,,,X,,,,,,,,,,,,,,,,,,,,,,,,,X,,,,,,,,X,,,,,,,,,,,,,,,X,X,,X,,,X,X,X,,,
industrialforegoingsouls,,,,,,X,,,X,,X,X,,,,,,,,,,,X,X,,,,,X,,,,,,,X,,,,,X,,,,,,,,,,,,,,,,,,,,,,,,,,,,,,,,,,,,,,,,,,,,,,,,,,,,,,X,,,,,,,,,,,,,,,,,,,,,,,X,,,
infernalmobs,,,,,,,,,,,,,,,,,,,,,,,,,,,,,,,,,,,,,,X,,,,,,,,,,,,,,,,,,,,X,,,,X,X,,X,,,,X,X,X,,,,,,,,,,,,,,,,,,,X,,,,,X,,,,,,,,,,,,,,,,,X,,,X,,,,,,
infiniverse,,,,,,,,,,,,,,,,,,,,,,,,,,,,,,,,,,,,,,,,,,,,,,,,,,,,,,,,,,,,,,,,,,,,,,,,,,,,,,,,,,,,,,,,,,,,X,,,,,,,,,,,,,,,,,,,,,,X,,,,,,,
integratedcrafting,,,,X,,X,,,X,,,X,,,,,,,,,,X,X,X,,,,,,,,,,,,X,,,,,X,,,,,,,,,,,,,,,,,,,,,,,,,,,,,,,,,,,,,,,,,,,,,,,,,,,,,,X,,,,,,,,,,,,,,,,,,,,,,,,,,
integrateddynamics,,,,,X,X,,,X,X,X,X,,,,,,,X,,,X,X,X,X,X,X,,X,,X,,,,X,X,,,,,X,,X,,,,,,,X,X,,,,,,,,,,,,,,,,,,,,,,,,,,,,,X,,,,,,,,,,,,,,,X,,,,,,,,,,X,,,,X,,,,,X,,,X,,,,
integrateddynamicscompat,,,,,X,X,,,X,X,X,X,,,,,,,X,,,X,X,X,X,X,X,,X,,X,,,,X,X,,,,,X,,X,,,,,,,X,X,,,,,,,,,,,,,,,,,,,,,,,,,,,,,X,,,,,,,,,,,,,,,X,,,,,,,,,,X,,,,X,,,,,X,,,X,,,,
integratedscripting,,,,X,,X,,,X,,X,X,,,,,,,,,,X,X,X,,X,X,,X,,,,,,,X,,,,,X,,,,,,,,,,X,,,,,,,,,,,,,,,,,,,,,,,,,,,,,,,,,,,,,,,X,,,,,X,,,,,,,,,,,,,,,,,,,X,,,,,,,
integratedterminals,,,,,,X,,,X,,X,X,,,,,,,,,,X,X,X,,X,X,,,,,,,,,X,,,,,X,,,,,,,,,,,,,,,,,,,,,,,,,,,,,,,,,,,,,,,,,,,,,,,,,,,,,,X,,,,,,,,,,,,,,,,,,,,,,X,,,,
integratedterminalscompat,,,,,,X,,,X,,X,X,,,,,,,,,,X,X,X,,X,X,,,,,,,,,X,,,,,X,,,,,,,,,,,,,,,,,,,,,,,,,,,,,,,,,,,,,,,,,,,,,,,,,,,,,,X,,,,,,,,,,,,,,,,,,,,,,X,,,,
integratedtunnels,,,,X,,X,,,X,,,X,,,,,,,X,,,X,X,X,,,X,,,,,,,,,X,,,,,X,,,,,,,,,,,,,,,,,,,,,,,,,,,,,,,,,,,,,,,,,,,,,,,,,,,,,,X,,,,,,,,,,,,,,,,,,,,,,X,,,,
integratedtunnelscompat,,,,X,,X,,,X,,,X,,,,,,,X,,,X,X,X,,,X,,,,,,,,,X,,,,,X,,,,,,,,,,,,,,,,,,,,,,,,,,,,,,,,,,,,,,,,,,,,,,,,,,,,,,X,,,,,,,,,,,,,,,,,,,,,,X,,,,
inventoryessentials,,,,,,,,,,,,,,,,,,,,,,,,,,,,,,,,,,,,,,,,,,,,,,,,,,,,,,,,,,,,,,,,,,,,,,,,,,,,,,,,,,,,,,,,,,,,,,,X,,,,,,,,,,,,,,,,,,,,,,,,,,
invtweaks,,,X,,,,,,,,,,,,,,,,,,,,X,,,,,X,,,,X,,,,,,,,,,,,,,,,,,,,,,,,,,,,,,,,,,,,,X,,,,,,,,,,,,,,,,,,,,,,,,,,X,,,,,,,,,,,,,,,,,,X,,,,X,,,,
iris,,,,,,,,,,,,,,,,,,,,,,X,X,,,,,,,,,,X,,,,,,,,,,,,,,,,,,,,,,,,,,,,,,,,,,,,,,,,,,,,,,,,,,,,,,,,,,,,,,X,,,,,,,,,,X,,,,,,,,,,,,X,,,,
ironfurnaces,,,X,,,,,,X,,X,X,,,,,,,,,,X,X,X,,X,X,,X,,,X,,,X,X,,,,,X,,,,,,,,,,,,,,,,,,,,,,,,,,,,,,,,,,,,,,,,,,,,,,,,,,,,,,X,,,,,,,,,,,,,,,,,,,,,,,,,,
ironjetpacks,,,,,,,,,,,,,,,,X,,,,,,,X,X,,X,X,,,,,X,,,X,,,,,,X,,,,,,,,,X,,,,,,,X,,,,,,,,,,,,,,,,,,,,,,,,X,,,,,,,,,,,,X,,X,,,,,,,,,,,,,,,,X,,,,,,X,,,,
irons_jewelry,,,X,,,,,,X,,X,X,,,,,,,,,,X,X,X,,X,X,,X,,,X,,,,,,X,,X,X,,,,,,,,,,,,,,,,,,,,X,,,,,,,,,,X,X,,,,,,,,X,,,X,,,,,X,,,,,,,X,,,,,,,,,,X,,X,X,,,,,X,,,,X,X,,X,
irons_spellbooks,,,X,,X,X,X,X,X,X,X,X,X,,,,,,X,X,X,X,X,X,X,X,X,X,X,X,,X,X,X,,,,X,,X,X,,X,,,,,,X,,,,,,,,X,X,,,X,X,,X,,X,,X,X,,X,,,X,,,,,,X,X,,,,,,X,X,,X,,X,,,X,X,X,,,X,,,,X,X,,,X,,X,X,X,X,X,X,X,X,X,,X,
itemcollectors,,,,,,X,,,X,,,X,,,,,,,,,,,,X,,,,,X,,,,,,,,,,,,X,,,,,,,,,,,,,,,,,,,,,,,,,,,,,,,,,,,,,,,,,,,,,,,,,,,,,,X,,,,,,,,,,,,,,,,,,,,,,X,,,,
jade,,,,,,,,,,,,,,,,,,,,,,X,,,,,,,,,,,,,,,,,,,,,,,,,,,,,,,,,,,,,,,,,,,,,,,,,,,,,,,,,,,,,,,,,,,,,,,,,X,,,,,,,,,,X,,,,,,,,,,,,X,,,,
jamlib,,,,,,,,,,,,,,,,,,,,,,X,X,,,,,,,,,,,,,,,,,,,,,,,,,,,,,,,,,,,,,,,,,,,,,,,,,,,,,,,,,,,,,,,,,,,,,,,,X,,,,,,,,,,X,,,,,,,,,,,,,,,,
jearchaeology,,,X,,,,,,,,,,,,,X,,,,,,,,,,,,,,,,X,,,X,,,,,,,,,,,,,,,,,,,,,,,,,,,,,,,,,,,,,,,,,,,,,,,,,,,,,,,,,,,,X,,,,,,,,,,,,,,,,,,,,,,X,,,,
jei,,,,,X,,,,,,,,,,,,,,,,,X,,,,,,,,,,,,,X,,,,,,,,,,,,,,,,,,,,,,,,,,,,,,,,,,,,,,,,,,,,,,,,,,,,,,,,,,,,X,,,,,,,,,,,,,,,,,,,,,,X,,,,
jei_mekanism_multiblocks,,,,,,,,,,,,,,,,,,,,,,,X,,,,,,,,,,,,,,,,,,,,,,,,,,,,,,,,,,,,,,,,,,,,,,,,,,,,,,,,,,,,,,,,,,,,,,,,X,,,,,,,,,,,,,,,,,,,,,,,,,,
jmi,,,,,,,,,,,,,,,,,,,,,,,,,,,,,,,,,,,,,,,,,,,,,,,,,,,,,,,,,,,,,,,,,,,,,,,,,,,,,,,,,,,,,,,,,,,,,,,X,,,,,,,,,,X,,,,,,,,,,,,,,,,
journeymap,,,,,,,,,,,,,,,,,,,,,,X,,,,,,,,,,,,,,,,X,X,,,,,,,,,,,,,,,X,,,,,,,,,,,,,,,X,,,,X,,,,,,,X,,,,,,,,,,,,,,,X,X,,X,,,,,,,X,,,,X,,X,,,X,,X,X,,,,
journeymap_api,,,,,,,,,,,,,,,,,,,,,,X,,,,,,,,,,,,,,,,,,,,,,,,,,,,,,,,,,,,,,,,,,,,,,,,,,,,,,,,,,,,,,,,,,,,,,,,,,,,,,,,,,,,,,,,,,,,,,,,,,,
jumpboat,,,,,,,,,,,,,,,,,,,X,,,,,,,,,,,,,,,,,,,,,,,,,,,,,,,,,,,,,,,,,,,,,,,,,,,,,,,,,,,,,,,,,,,,,,,,,,,,,,,,,,,,,,,,,,,,,,,,,,,,,,
justdirethings,X,,,,,X,,,X,X,X,X,,,,,,,X,,X,X,X,X,X,X,X,X,X,,,,X,,X,,,,X,,X,,,,,,X,,,,,,,,,,,X,,,,X,X,,X,,X,,X,X,,,,,,,,,X,,,,,,,X,,,,X,,,,,X,X,X,,,,,,,X,X,,,,X,X,X,X,,,,,X,X,,,
justenoughbreeding,,,,,,,,,,,,,,,,,,,,,,,,,,,,,,,,,,,,,,,,,,,,,,,,,,,,,,,,,,,,,,,,,,,,,,,,,,,,,,,,,,,,,,,,,,,,,,,X,,,,,,,,,,,,,,,,,,,,,,,,,,
justenoughprofessions,,,,,,,,,,,,,,,,,,,,,,,X,,,,,,,,,,,,,,,,,,,,,,,,,,,,,,,,,,,,,,,,,,,,,,,,,,,,,,,,,,,,,,,,,,,,,,,,X,,,,,,,,,,,,,,,,,,,,,,,,,,
justzoom,,,,,,,,,,,,,,,,,,,,,,X,,,,,,X,,,,,,,,,,,,,,,,,,,,,,,,,,,,,,,,,,,,,,,,,,,,,,,,,,,,,,,,,,,,,,,,,,,X,,,,,,,,,,X,,,,,,,,,,,,X,,,,
keybindspurger,,,,,,,,,,,,,,,,,,,,,,X,,,,,,,,,,,,,,,,,,,,,,,,,,,,,,,,,,,,,,,,,,,,,,,,,,,,,,,,,,,,,,,,,,,,,,,,,X,,,,,,,,,,X,,,,,,,,,,,,,,,,
konkrete,,,,,,,,,,,,,,,,,,,,,,X,,,,,,,,,,,,,,,,,,,,,,,,,,,,,,,,,,,,,,,,,,,,,,,,,,,,,,,,,,,,,,,,,,,,,,,,,,,,,,,,,,,X,,,,,,,,,,,,X,,,,
kotlinforforge,,,,,,,,,,,,,,,,,,,,,,,,,,,,,,,,,,,,,,,,,,,,,,,,,,,,,,,,,,,,,,,,,,,,,,,,,,,,,,,,,,,,,,,,,,,,,,,,,,,,,,,,,,,,,,,,,,,,,,,,,
kubejs,X,X,,,,,,,X,,X,X,,,,X,,,X,,X,X,,X,,X,X,X,,,,X,X,X,X,,,X,X,,,,,,,X,X,,X,X,,,,,,,,,,,,X,X,,,,X,,X,,,,,X,,X,X,X,X,X,X,,,,,,X,X,X,,X,X,X,X,,X,,X,,X,X,X,X,,X,,,,X,,X,,X,,X,,X,,,,
kuma_api,,,,,,,,,,,,,,,,,,,,,,,,,,,,,,,,,,,,,,,,,,,,,,,,,,,,,,,,,,,,,,,,,,,,,,,,,,,,,,,,,,,,,,,,,,,,,,,,,,,,,,,,,,,,,,,,,,,,,,,,,
laserbridges,,,,,,,,,X,,X,X,,,,,,,,,,,,X,,,,,X,,,,,,,,,,,,,,,,,,,,,,,,,,,,,,,,,,,,,,,,,,,,,,,,,,,,,,,,,,,,,,,,,,X,,,,,,,,,,,,,,,,,,,,,,,,,,
laserio,,,,,,X,,,X,X,X,X,,,,,,,,,X,X,X,X,,X,X,,X,,,,X,,X,,,,,,X,X,,,,,,,,,,,,,,,,,,,,,,,,,,,,,,,,,,,,,,,,,,,,,,,,,,,,,X,,,,,,,,,,,,,,X,X,,,,X,,,,X,,,
legendarytooltips,,,,,,,,,,,,,,,,,,,,,,,X,,,,,,,,,,,,,,,,,,,,,,,,,,,,,,,,,,,,,,,,,,,,,,,,,,,,,,,,,,,,,,,,,,,,,,,,,,,,,,,,,,X,,,,,,,,,,,,X,,,,
letmedespawn,,,,,,,,,,,,,,,,,,,X,,,,,,,,,,,,,,,,,,,,,,,,,,,,,,,,,,,,,,,,,,,,,,,,,,,,,,,,,,,,,,,,,,,,,,,,,,,,,,,,,,,,,,X,,,,,,,,,,,,X,,,,
lithostitched,,,,,,,,,,,,,,,,,,,,,,,,,,,,,,,,,,,,,,,,,X,,,,,,,,,,,,,,,,,,,,,,,,,,,,,,,,,,,,,,,,,,,,,,,,,,,,,,,,,,,,,,,,X,,,,,,,,,,,,X,,,,
livingthings,,,,,,X,X,,X,,X,X,,,,,,,X,,X,,,X,,X,X,,X,X,,,,,,,,,,,X,,,,,,,,,,,,,,,,,,,,,,,,,,,,,,,,,,,,,,,,,,,,,,,,,,,,,,X,,,,,,,,,,X,,,,,X,,,,,,,,,,,
lootr,,X,X,,X,,,,X,X,X,X,,,,,,,X,,X,,,X,X,,,,X,,X,,,,,,,,,,X,,,,,,,,,,,,,X,,,,,,,,,,,,,,,X,,,,,,,,,,,,,,,,,,,X,,,,X,,X,X,X,,,,,,,,,X,,,,,,,,,X,,X,X,X,,,
mahoutsukai,,,X,,,,X,X,X,X,X,X,,,,,X,X,X,X,X,X,X,X,X,X,X,X,X,X,,X,X,X,,,,X,X,,X,,X,X,,X,X,X,X,X,,,,X,X,,,X,,,X,X,X,,X,,X,,X,X,,,,,,,X,,X,X,,X,,X,X,,X,,,,,,,,X,X,X,X,,,X,,,X,X,,,,X,,X,X,X,X,X,X,X,,,,
mcjtylib,,,,,X,,,,,,,X,,,,,,,,,,X,X,,,,X,,,,,,,,X,,,,,,,,,,,,,,,,,,,,,,,,,,,,,,,,,,,,,,,,,,,,,,,,,,,,,,,,,,,,X,,,,,,,,,,,X,,,X,,,,X,,,X,X,X,,,
mcwbridges,,,,,,X,,,X,,X,X,,,,,,,,,,,,X,,X,X,,X,,,,,,,,,,,,X,,,,,,,,,,,,,,,,,,,,,,,,,,,,,,,,,,,,,,,,,,,,,,,,,,,,,,X,,,,,,,,,,,,,,,,,,,,,,,,,,
mcwdoors,,,,,,X,,,X,,X,X,,,,,,,,,,,,X,,X,X,,X,,,,,,,,,,,,X,,,,,,,,,,,,,,,,,,,,,,,,,,,,,,,,,,,,,,,,,,,,,,,,,,,,,,X,,,,,,,,,,,,,,,,,,,,,,,,,,
mcwfences,,,,,,X,,,,,X,X,,,,,,,,,,,,X,,,X,,X,,,,,,,,,,,,X,,,,,,,,,,,,,,,,,,,,,,,,,,,,,,,,,,,,,,,,,,,,,,,,,,,,,,X,,,,,,,,,,,,,,,,,,,,,,,,,,
mcwfurnitures,,,,,,X,,,,,X,X,,,,,,,X,,X,X,X,X,,X,X,,X,,,,,,,,,,,,X,,,,,,,,,,,,,,,,,,,,,,,,,,,,,,,,,,,,,,,,,,,,,,,,,,X,,,,X,,,,,,,,,,,,,,,,,,,,,,,,,,
mcwholidays,,,,,,X,,,X,,X,X,,,,,,,,,,,,X,,X,X,,X,,,,,,,,,,,,X,,,,,,,,,,,,,,,,,,,,,,,,,,,,,,,,,,,,,,,,,,,,,,,,,,,,,,X,,,,,,,,,,,,,,,,,,,,,,,,,,
mcwlights,,,,,,X,,,X,,X,X,,,,,,,,,,,,X,,X,X,,X,,,,,,,,,,,,X,,,,,,,,,,,,,,,,,,,,,,,,,,,,,,,,,,,,,,,,,,,,,,,,,,,,,,X,,,,,,,,,,,,,,,,,,,,,,,,,,
mcwpaths,,,,,,X,,,X,,X,X,,,,,,,,,,,,X,,,X,,X,,,,,,,,,,,,X,,,,,,,,,,,,,,,,,,,,,,,,,,,,,,,,,,,,,,,,,,,,,,,,,,,,,,X,,,,,,,,,,,,,,,,,,,,,,,,,,
mcwroofs,,,,,,X,,,X,,X,X,,,,,,,,,,,,X,,X,X,,X,,,,,,,,,,,,X,,,,,,,,,,,,,,,,,,,,,,,,,,,,,,,,,,,,,,,,,,,,,,,,,,,,,,X,,,,,,,,,,,,,,,,,,,,,,,,,,
mcwstairs,,,,,,X,,,X,,,X,,,,,,,,,,,,X,,,X,,X,,,,,,,,,,,,X,,,,,,,,,,,,,,,,,,,,,,,,,,,,,,,,,,,,,,,,,,,,,,,,,,,,,,X,,,,,,,,,,,,,,,,,,,,,,,,,,
mcwtrpdoors,,,,,,X,,,X,,X,X,,,,,,,,,,,,X,,X,X,,X,,,,,,,,,,,,X,,,,,,,,,,,,,,,,,,,,,,,,,,,,,,,,,,,,,,,,,,,,,,,,,,,,,,X,,,,,,,,,,,,,,,,,,,,,,,,,,
mcwwindows,,,,,,X,,,,,X,X,,,,,,,,,,,,X,,X,X,,X,,,,,,,,,,,,X,,,,,,,,,,,,,,,,,,,,,,,,,,,,,,,,,,,,,,,,,,,,,,,,,,,,,,X,,,,,,,,,,,,,,,,,,,,,,,,,,
measurements,,,X,,,X,,,,,,,,,,,,,,,,,,X,,X,X,,,,,,,,,,,,,,,,,,,,,,,,,,,,,,,,,,,,,,,,,,,,,,,,,,,,,,,,,,,,,,,,,,,,X,,,,,,,,,,,,,,X,,,,X,,,,,X,,,
megacells,,,,,X,X,,,X,,X,X,,,,,,,X,,,X,,X,,X,X,,X,,,,,,,X,,,,,X,,,,,,,,,,,,,,,,,,,,,,,,,,,,,,,,,,,,,,,,,,,,,,,,,,,,,,X,,,,,,,,,,X,,,,,,,,,,,,,,,,
mekanism,,,,,X,,,,X,X,X,X,,,,,,,X,,X,X,,X,X,X,X,X,X,X,X,,X,,X,X,,,X,,X,,X,,X,,,,,,,,,X,X,,X,,,,X,,,,X,,,,X,X,,,,,,,,,,X,X,,,,,X,X,,,,,,,,X,X,X,,,,,,X,,,,,,X,,X,X,X,X,X,X,X,X,,,
mekanismcovers,,,,,X,,,,X,,X,X,,,,,,,,,,,,X,X,,X,,,,,,,,X,,,,,,,,,,,,,,,,,,,,,,,,,,,,,,,,,,,,,,,,,,,,,,,,,,,,,,,,,,,,X,,,,,,,,,,X,,,,,,,,,,,,,,,,
mekanismgenerators,,,,,X,,,,X,X,X,X,,,,,,,,,X,X,X,X,X,X,X,,X,,,,,,,X,,,,,X,,,,,,,,,,,,,,,,,,,,,,,,,,,,,,,,,,,,,,,,,,,,,,,,,,,,,,X,,,,,,,,,,,,,,,,,,,,,,,,,,
mekanismtools,,,,,,,,,,,,,,,,,,,,,,,X,X,X,X,X,,,,,,,,X,X,,,,,X,,,,,,,,,,,,,,,,,,,,,,,,,,,,,,,,,,,,,,,,,,,,,,,,,,,,,,X,,,,,,,,,,,,,,,,,,,,,,,,,,
merequester,,,,,,X,,,X,,X,X,,,,,,,,,,X,X,X,,,,,X,,,,,,,,,,,,X,,,,,,,,,,,,,,,,,,,,,,,,,,,,,,,,,,,,,,,,,,,,,,,,,,,,,,X,,,,,,,,,,,,,,,,,,,,,,,,,,
merrymaking,,,,,,X,,,,,X,X,,,,,,,X,X,,,X,X,,X,X,,X,X,,,,,,,,,,,X,,X,,,,,,,,,,,,,,,,,,,X,,,,,,,,,,,,,,,,,,,,,,,,,,,,,X,,,,X,,,,,X,,,,,,,,,,X,,,,,,,,X,,X,
mes,,,,,,,,,,,,,,,,,,,,,,,,,,,,,,,,,,,,,,,,X,X,,X,,,,,,,,,,,,,,,,,,,,,,,,,,,,,,,,,,,,,,,,,,,,,,,,,,,,,,,,,,,,,,X,,,,,,,,,,,,X,X,,,
mffs,,,,,X,X,,,X,X,X,X,,,,,,,,,X,X,X,X,,X,X,,X,,X,,X,,,,,,,,X,,,,,,,,,,,,,,,,,,,,,,,,,,,,X,,,,,,,,,,X,,,,,,,,X,,,,X,,,,X,,,,,,,,,,X,,,,X,X,X,,,,,X,X,X,,,
mifa,,,,,,X,,,,,,,,,,,,,,,,,,X,,X,X,,,,,,,,,X,,,,,X,,,,,,,,,,,,,,,,,,,,,,,,,,,,,,,,,,,,,,,,,,,,,,,,,,,,,,X,,,,,,,,,,,,,,,,,,,,,,,X,,,
minecolonies,X,,,,,X,,,X,X,X,X,,,,X,,,X,X,X,X,X,X,X,X,X,X,X,X,,X,X,,X,,,X,,X,X,,X,,,X,,,X,X,,X,,X,X,,X,,,,,X,,,,,X,X,X,,,,,,,,X,,X,X,X,,,,,X,X,X,,X,,,X,,X,X,,X,,,X,X,,,,,,,X,,X,,X,X,X,X,X,X,,X,
mininggadgets,,,,,,X,,,X,X,X,X,,,,,,,,,X,X,X,X,,X,X,X,X,,,,X,,,,,,,,X,,,,,,,,,,,,,,,,,,,,,,,,,,,,,,,,,,,,,,,,,,,,,,X,,,,,,,,X,,,,,,,,,,,,,,X,,,,,X,,,,X,,,
mns,,,,,,,,,,,,,,,,,,,,,,,,,,,,,X,,,,,,,,,,,X,X,,X,,,,,,,,,,,,,,,,,,,,,,,,,,,,,,,,,,,,,,,,,,,,,,,,,,,,,,,,,,,,,,X,,,,,,,,,,,,X,X,,,
mob_grinding_utils,,,,,,,,,X,X,X,X,,,,,,,X,,,X,X,X,X,X,X,,X,,,,X,,X,X,,,,,X,,,,,,,,,,,,,,,,,,,,,X,X,,,,X,,,,,,,,,,,,,,,,,,,,X,,,,,,,,X,,,,,,,,,,X,,,,,,,X,,,,,X,X,,,
modelfix,,,,,,,,,,,,,,,,,,,,,,,,,,,,,,,,,,,,,,,,,,,,,,,,,,,,,,,,,,,,,,,,,,,,,,,,,,,,,,,,,,,,,,,,,,,,,,,,,,,,,,,,,X,,,,,,,,,,,,X,,,,
modern_industrialization,,,,,X,,,,X,X,X,X,,,,,,,,,,X,X,X,X,X,X,X,X,,,,,,X,X,,,,,X,X,X,,,,,,,,,,,,,,,,,,,,,,,,,,,,,,,,,,,,,,,,,,,,,,,,,,,,X,,,,,,,,,,X,,,,,X,,,,,,X,X,X,,,
moderndynamics,,,,,X,X,,,X,X,X,X,,,,,,,,,,X,X,X,,X,X,,X,,X,,,,,X,,,,,X,,,,,,,,,,,,,,,,,,,,,,,,,,,,,,,,,,,,,,,,,,,,,,,,,,,,,,X,,,,,,,,,,X,,,,,,,,,,,,X,X,,,
modernfix,,,,,X,,,,,,,X,,,,,,,,,,X,,,,,,,,,,,,,,,,,,,,,,,,,,,,,,,,,,,,,,,,,,,,,,,,,,,,,,,,,,,,,,,,X,,,,X,,X,,X,X,,,,,,,,,,X,,,,,,X,,,,,X,X,,,,
modonomicon,,,,,X,,,,,,,,,,,,,,,,,X,X,X,,X,X,,,,X,,,,,,,,,,X,,,,,,,,,,X,,,,,,,,,,,,,,,,,,,,,,,,,,,,,,,,,,,,,,,,,,,,X,,,,,,,,,,,,,,,,,,,,,X,X,X,,,
modular_machinery_reborn,,,,,X,,,,X,X,X,X,,,,,,,,,X,X,X,X,,X,X,,,,X,X,,,X,,,,,,X,X,,,,,,,,,,,,,,,,,,,,,,,,,,,,,,,,,,,,,,,,,,,,,,,,,,,,,X,,,,,,,,,,,,,,X,,X,,,X,,,X,X,,,
modular_machinery_reborn_ars,,,,,,,,,X,,X,X,,,,,,,,,,X,X,X,,,X,,,,,X,,,,,,,,,X,,,,,,,,,,,,,,,,,,,,,,,,,,,,,,,,,,,,,,,,,,,,,,,,,,,,,,X,,,,,,,,,,,,,,,,,,,,,,,X,,,
modular_machinery_reborn_mekanism,,,,,,,,,X,,X,X,,,,,,,,,,X,,X,,,X,,,,,X,,,,,,,,,X,,,,,,,,,,,,,,,,,,,,,,,,,,,,,,,,,,,,,,,,,,,,,,,,,,,,,,X,,,,,,,,,,,,,,,,,,,,,,X,X,,,
modularrouters,,,,,X,X,,,X,X,X,X,,,,,,,X,,X,X,X,X,,X,X,X,X,,,X,,,X,,,,,,X,,,,,,X,,,,,,,,,,,,,,,,,,,,,,,,,,,,,X,,,X,X,X,,,,,,,,,,,,,,X,,X,,,,,,,,,,,,X,X,X,,,,X,,X,X,,,
monolib,,,,,,,,,,,,,,,,,,,,,,,,,,,,,,,,,,,,,,,,,,,,,,,,,,,,,,,,,,,,,,,,,,,,,,,,,,,,,,,,,,,,,,,,,,,,,,,,,,,,,,,,,X,,,,,,,,,,,,,,,,
moonlight,X,,,,X,,,,X,,,X,,,,X,,,X,,,,X,X,X,,X,,,X,X,,,,,,X,,,,X,,,,,,,,,,,,,,,,,,,,,,,,,,,,,,,,,,,,,,,X,,,,,,,,X,,,,X,,,X,,,,,,,,,,X,,,,,,,,,,,X,X,,,,
moredragoneggs,,,,,,,,,,,,,,,,,,,,,,,,,,,,,,,,,,,,,,,,,,,,,,,,,,,,,,,,,,,,,,,,,,,,,,,,,,,,,,,,,,,,,,,,,,,,,,,,,,,,,,,,,X,,,,,,,,,,,,,,,,
moreoverlays,,,,,,,,,,,,,,,,,,,,,,X,,,,,,X,,,,,,,,,,,,,,,,,,,,,,,,,,,,,,,,,,,,,,,,,,,,,,X,,,,,,,,,,,,,,,,,,,,,X,,,,,,,,X,,X,,,,X,,X,,,,,,,,,,
morered,,,,,X,,,,X,X,X,X,,,,,,,,,,X,,X,,X,X,,X,,X,,,,X,,,,,,X,,,,,,,,,,,,,,,,,,,,,,,,,,,,,,,,,,,,,,,,,,,,,,,,,,,,,,X,,,,,,,,,,,,,,,,,,,,,X,X,,,,
moreredxcctcompat,,,,,,,,,,,,,,,,,,,,,,,,,,,,,,,,,,,,,,,,,,,,,,,,,,,,,,,,,,,,,,,,,,,,,,,,,,,,,,,,,,,,,,,,,,,,,,,,,,,,,,,,,,,,,,,,,,,,,,,,,
mostructures,,,,,,,,,,,,,,,,,,,,,,,,,,,,,,,,,,,,,,,,X,X,,X,,,,,,,,,,,,,,,,,,,,,,,,,,,,,,,,,,,,,,,,,,,,,,,,,,,,X,,,,,,,,,,X,,,,,,,,,,,,,,,,
mousetweaks,,,,,,,,,,,,,,,,,,,,,,X,,,,,,,,,,,,,,,,,,,,,,,,,,,,,,,,,,,,,,,,,,,,,,,,,,,,,,,,,,,,,,,,,,,,,,,,,,,,,,,,,,,,,,,,,,,,,,,,,,,
mss,,,,,,,,,,,,,,,,,,,,,,,,,,,,,,,,,,,,,,,,X,X,,X,,,,,,,,,,,,,,,,,,,,,,,,,,,,,,,,,,,,,,,,,,,,,,,,,,,,,,,,,,,,,,X,,,,,,,,,,,,X,X,,,
multipiston,,,,,,,,,X,,,X,,,,,,,,,,,X,X,,,,,,,,X,,,,,,,,,X,,,,,,,,,,,,,,,,,,,,,,,,,,,,,,,,,,,,,,,,,,,,,,,,,,,,,,X,,,,,,,,,,,,,,,,,,,,,,X,,,,
mvs,,,,,,,,,,,,,,,,,,,,,,,,,,,,,X,,,,,,,,,,,X,X,,X,,,,,,,,,,,,,,,,,,,,,,,,,,,,,,,,,,,,,,,,,,,,,,,,,,,,,,,,,,,,,,X,,,,,,,,,,,,X,X,,,
mysticalagradditions,,,,,,,,,X,,X,X,,,,,,,,,,,,X,,X,X,,X,,,,,,,X,,,,,X,,X,,,,,,,,,,,,,,,,,,,,X,,,,,,,,,,,,,,,,,,,,,,,,,,,,,,,,X,,,,,,,,,,,,,,,X,,,,,,,X,,,,
mysticalagriculture,,,,,,,,,X,X,X,X,,,,X,,,,,X,X,X,X,,X,X,,X,,,X,,,X,X,,,,,X,X,X,,,,,,,X,,,,,,,,,,,,X,X,,X,,,,,,,,,,,,,,,,X,,,,,,,,,,,,,X,X,,,,,,,,,X,,X,,,,X,,,X,,,,X,X,,,
mysticalcustomization,,,,,,,,,,,,,,,,,,,,,,,,,,,,,,,,,,,,,,X,,,,,,,,,,,,,,,,,,,,,,,,,,,,,,,,,,,,,,,,,,X,,,,,,,,,,,,,,,,,,,,,,,,,,,,,,,,,,,,,,,,,
naturesaura,,,,,,,,X,X,X,X,X,,,,,,,X,,,X,X,X,,X,X,,X,,,X,X,X,X,X,,X,,,X,,X,,,,,,X,X,,,,,X,,,,,,X,X,X,,,X,,X,,,,,,,,,X,,,,,,,,,,X,,,,,,,,X,,X,,,,,,,,,,,,X,X,X,X,X,,X,X,,X,,,
naturescompass,,,,,,,,,,,,,,,,,,,,,,X,,X,,X,X,,,,,,,,,,,,,,X,,,,,,,,,,,,,,,,,,,,,,,,,,,,,,,,,,,,,,,,,,,,,,,,,,,,,,X,,,,,,,,,,,,,,,,,,,,,,,,,,
neo_auth,,,,,,,,,,,,,,,,,,,,,,X,X,,,,,,,,,,,,,,,,,,,,,,,,,,,,,,,,,,,,,,,,,,,,,,,,,,,,,,,,,,,,,,,,,,,,,,,,X,,,,,,,,,,X,,,,,,,,,,,,X,,,,
netherportalfix,,,,,,,,,,,,,,,,,,,,,,,,,,,,,,,,,,,,,,,,,,,,,,,,,,,,,,,,,,,,,,,,,,,,,,,,,,,,,,,,,,,,,,,,,,,,,,,,,,,,,,,,,,,,,,,,,,,,,,,,,
nochatreports,,,,,,,,,,,,,,,,,,,,,,X,,,,,,,,,,,,,,,,,,,,,,,,,,,,,,,,,,,,,,,,,,,,,,,,,,,,,,,,,,,,,,,,,,,,,,,,,X,,,,,,,,,,X,,,,,,,,,,,,X,,,,
novillagerdm,,,,,,,,,,,,,,,,,,,,,,,,,,,,,,,,,,,,,,,,,,,,,,,,,,,,,,,,,,,,,,,,,,,,,,,,,,,,,,,,,,,,,,,,,,,,,,,,,,,,,,,,,,,,,,,,,,,,,,,,,
nullscape,,,,,,,,,,,,,,,,,X,X,,,,,,,,,,,X,,,,,,,,,,,X,X,,X,,,,,,,,,,,,,,,,,,,,,,,,,,,,,,,,,,,,,,,,,,,,,,,,,,,,,,,,,,,,,,,,,,,,,,,,,,,,,,X
observable,,,,,,,,,,,,,,,,,,,,,,X,,,,,,,,,,,,,,,,,,,,,,,,,,,,,,,,,,,,,,,,,,,,,,,,,,,,,,,,,,,,,,,,,,,,,,,,,X,,,,,,,,,,,,,,X,,,,,,,,,,,,
occultism,,,,,,X,X,,X,X,X,X,,,,,,,X,,X,X,X,X,,X,X,X,X,X,,,X,X,X,X,,X,,,X,,X,,,,,,,,X,,,,,,,,,,X,X,,,,,X,,X,,,,,,,,X,,,,,,X,,,,X,,,,,,,,X,,X,,,,,,,,,,,,X,,,,X,,,,X,X,,X,
occultism_kubejs,,,,,,,,,,,,,,,,,,,,,,,,,,,,,,,,,,,,,,,,,,,,,,,,,,,,,,,,,,,,,,,,,,,,,,,,,,,,,,,,,,,,,,,,,,,,,,,,,,,,,,,,,,,,,,,,,,,,,,,,,
octolib,,,,,,,,,,,,,,,,,,,,,,,,,,,,,,,,,,,,,,,,,,,,,,,,,,,,,,,,,,,,,,,,,,,,,,,,,,,,,,,,,,,,,,,,,,,,,,,,,,,,,,,,,,,,,X,,,,,,,,,,,,
ohthetreesyoullgrow,,,,,,,,,,,,,,,,,,,,,,,,,,,,,,,,,,,,,,,,X,,,X,,,,,,,,,,,,,,,,,,,,,,,,,,,,,,,,,,,,,,,,,,,,,,,,,,,,,,,,,,,,,,X,,,,,,,,,,,,X,,,,
omegaconfig,,,,,,,,,,,,,,,,,,,,,,,,,,,,,,,,,,,,,,,,,,,,,,,,,,,,,,,,,,,,,,,,,,,,,,,,,,,,,,,,,,,,,,,,,,,,,,,,,,,,,,,,,X,,,,,,,,,,,,,,,,
overloadedarmorbar,,,,,,,,,,,,,,,,,,,,,,,,,,,,,,,,,,,,,,,,,,,,,,,,,,,,,,,,,,,,,,,,,,,,,,,,,,,,,,,,,,,,,,,,,,,,,,,,,,,,,,,,,,,,,,,,,,,,,X,,,,
packmenu,,,,,,,,,,,,,,,,,,,,,,X,,,,,,,,,,,,,,,,,,,,,,,,,,,,,,,,,,,,,,,,,,,,,,,,,,,,X,,,,,,,,,,,,,,,,,,,,,X,,,,,,,,,,,,,,,,X,,,,,,X,,,,
pamhc2crops,,,,,,,,,X,,X,X,,,,,,,,,,,,X,,X,X,,X,,,,,,,,,,,,X,,X,,,,,,,,,,,,,,,,,,,,,,,,,,X,,,,,,,,,,,,,,,,,,,,,,,,,,X,,,,,,,,,,,,,,,,,,,,,,,X,,X,
pamhc2foodcore,,,,,,X,,,,,,,,,,,,,,,,,,X,,X,X,,,,,,,,,,,,,,X,,,,,,,,,,,,,,,,,,,,,,,,,,,,,,,,,,,,,,,,,,,,,,,,,,,,,,X,,,,,,,,,,,,,,,,,,,,,,,,,,
pamhc2foodextended,,,,,,,,,,,,,,,,,,,,,,,,X,,X,,,,,,,,,,,,,,,X,,,,,,,,,,,,,,,,,,,,,,,,,,,,,,,,,,,,,,,,,,,,,,,,,,,,,,X,,,,,,,,,,,,,,,,,,,,,,,,,,
pamhc2trees,,,,,,,,,X,,X,X,,,,,,,,,,,,X,,X,,,X,,,,,,,,,,,,X,,X,,,,,,,,,,,,,,,,,,,,,,,,,,X,,,,,,,,,,,,,,,,,,X,,,,,,,,X,,,,,,,,,,,,,,,,,,,,,,,X,,,
patchouli,,,,,X,,,,,,,,,,,,,,,,,X,X,X,,X,X,,,,,,,,,,,,,,X,,,,,,,,,,,,,,,,,,,,,,,,,,,,,,,,,,,,,,,,,,,,,,,,,,,,,,X,,,,,,,,,,X,,,,,,,,,,,,,,,,
pipez,,,,,,,,,X,X,X,X,,,,,,,,,,X,,X,X,X,X,,X,,,,,,X,,,,,,X,,,,,,,,,,,,,,,,,,,,,X,X,,,,,,,,,,,,,,,,,,,,,,,,X,,,,,,,,X,,,,,,,,,,,,,,,,,,,,,,,,,,
placebo,,,,,,,,,,,,,,,,,,,,,,X,,,,,,X,,,,X,,,,,,,,,,,,,,,,,,,,,,,,,,,,,,,,,,,,,,,,,,,,,,,,,,,,,,,,,,X,,X,,,X,,,,,,,,,,X,,,X,,,X,,X,X,,,X,X,,,
playeranimator,,,,,,,,,,,,,,,,,,,,,,,,,,,,,,,,,,,,,,,,,,,,,,,,,,,,,,,,,,,,,,,,,,,,,,,,,,,,,,,,,,,,,,,,,,,,,,,,,,,,,,,,,X,,,,,,,,,,,,X,,,,
pneumaticcraft,,,X,,X,X,,X,X,X,X,X,,,,,,,X,X,,X,X,X,X,X,X,,X,X,X,X,X,,X,X,,,,X,X,,X,,,X,X,,X,,,,,,,,X,X,,,X,X,,X,X,,X,,X,X,,,X,X,,,X,,X,,X,,,,,X,X,X,X,,,,X,X,X,X,X,X,,X,X,X,X,,X,X,X,,X,X,X,,X,X,X,X,,X,,X,
pocketstorage,,,,,,,,,,,,,,,,,,,,,,X,X,X,,X,X,,,,,,,,X,,,,,,,,,,,,,,,,,,,,,,,,,,,,,,,,,,,,,,,,,,,,,,,,,,,,,,,,,,,,X,,,,,,,,,,,,,,,,,,,,,X,X,X,,,
polyeng,,,,,,,,,,,,,,,,,,,,,,,,,,,,,,,,,,,,,,,,,,,,,,,,,,,,,,,,,,,,,,,,,,,,,,,,,,,,,,,,,,,,,,,,,,,,,,,,,,,,,,,,,X,,,,,,,,,,,,,,,,
polylib,,,,,,,,,,,,X,,,,,,,,,,X,X,,,,X,,,,,,,,X,,,,,,,,,,,,,,,,,,,,,,,,,,,,,,,,,,,,,,,,,,,,,,,,,,,,,,,,,,,,X,,,,,,,,,,X,,,,,,,,,,,,X,X,,,
polymorph,,,,,,,,,,,,,,,,,,,,,,,,,,,,,,,,,,,,,,X,,,,,,,,,,,,,,,,,,,,,,,,,,,,,,,,,,,,,,,,,,,X,,,,,,,,,,,,,,X,,,,,,,,X,,X,,,,,,X,,,,X,,,,,,
potionsmaster,,,,,,,,,X,,X,X,,,,,,,,,,,,X,,X,X,,,,,,,X,,,,,,,,,,,,,,,,,,,,X,,,,,,,,X,,,,,,,,,,,,,,,,,,X,X,,,X,X,,,,,,,,X,,X,X,,X,,,,,,,,,,,X,,X,,,,,,X,,,,
powah,,,,,,X,,,X,X,X,X,,,,,,,X,,,X,X,X,X,X,X,,X,,,,X,,X,X,,,,,X,,X,,,,,,,,,,,,,,,,,,,,,,,,,,,,,,,,,,,,,,,,,,,,,,,,,,,,X,,,,,,,,,,,,,,,,X,,,,,X,X,X,,,
prickle,,,,,,,,,,,,,,,,,,,,,,,,,,,,,,,,,,,,,,,,,,,,,,,,,,,,,,,,,,,,,,,,,,,,,,,,,,,,,,,,,,,,,,,,,,,,,,,,,,,,,,,,,,,,,,,,,,,,,,,,,
prism,,,,,,,,,,,,,,,,,,,,,,,X,,,,,,,,,,,,,,,,,,,,,,,,,,,,,,,,,,,,,,,,,,,,,,,,,,,,,,,,,,,,,,,,,,,,,,,,,,,,,,,,,,X,,,,,,,,,,,,X,,,,
productivebees,X,,,,,X,X,,X,X,X,X,,,,X,,,X,X,X,X,,X,X,X,X,,X,X,,X,X,,X,X,,,,,X,,X,,,,,,,X,,,,,,,,,,,X,X,,,,,X,,X,,,,,,,,,,,,,,,,,,,,,,,,,,X,X,,,,,,,,,,,X,X,,X,X,X,,,,,X,X,,X,
productivelib,,,,,,,,,,,,X,,,,,,,,,,,,X,,,X,,,,,,,,X,X,,,,,X,,,,,,,,,,,,,,,,,,,,,,,,,,,,,,,,,,,,,,,,,,,,,,,,,,,,,,X,,,,,,,,,,X,,,,,,,,,,,,,X,,,
productivetrees,X,X,,,,X,,,X,X,X,X,,,,,,,,,X,X,,X,,X,X,,X,,,,X,,X,X,,,,,,,X,,,,,,,X,,,,,,,,,,,,,,,,,,,,,,,,,,,,,,,,,,,,,,,,,,,,,,X,,,,,,,,,,,,,,X,,,,,,,X,X,,,
pylons,,,,,,X,,,X,,,X,,,,,,,,,,X,X,X,,X,X,,X,,,,,,X,X,,,,,X,,,,,,,,,,,,,,,,,,,,,,,,,,,,X,,,,,,,,,,,X,X,,,,,X,,,,X,X,,X,,X,,,,,,,,,,,,,,,,,,,X,,,X,X,,,
quarryplus,,,,,,X,,,X,X,X,X,,,,,,,,,,X,X,X,,X,X,,X,,,X,,,X,,,,,,X,,,,,,,,,X,,,,,,,,,,,,,,,,,,,,,,,,,,,,,,,,,,,,,,,,,,X,,,X,,,,,,,,,,,,,,,,,,,,,,,,,,
railcraft,,,,,,X,,,X,X,X,X,X,,,,,,X,,,X,X,X,,X,X,,X,,,,X,X,X,X,,,,,X,,X,,,,,,,,,,,,,,,,,,,,X,,,,X,,,,,,,,,,,,,,,,,,,,,X,,X,,,,,X,,,,,,,,,,X,,X,,X,X,X,,X,,X,X,X,X,,X,
rainbows,,,,,,,,,,,,,,,,,,,,,,,,,,,,,,,,,,,,,,,,,,,,,,,,,,,,,,,,,,,,,,,,,,,,,,,,,,,,,,,,,,,,,,,,,,,,,,,,,,,,,,,,,X,,,,,,,,,,,,,,,,
rangedpumps,,,,,,,,,X,,X,X,,,,,,,,,,,,X,,,,,X,,,,,,,,,,,,,,,,,,,,,,,,,,,,,,,,,,,,,,,,,,,,,,,,,,,,,,,,,,,,,,,,,,X,,,,,,,,,,,,,,,,,,,,,,,,,,
rarcompat,,,,,,,,,,,,,,,,,,,X,,,,,,,,X,,X,,,X,,,,,,,,,X,,,X,,,,,,,,,,,,,X,X,X,X,X,X,X,,X,X,,,,X,X,,,,,,X,,,,,X,,,,,,,,,,,,,X,X,X,X,,,,,,,X,,,,,,,,,,,,X,,,,
reap,,,,,,,,,,,,,,,,,,,,,,X,,,X,,X,,,,,,,,,,,,,,,,,,,,,,,,,,,,,,,,,,,X,X,,,,,,,,,,,,,,,,,,,,,,,,X,,,,,,,,,X,X,,,,,,,,,,,,,,,,,,,,,,,,
rebind_narrator,,,,,,,,,,,,,,,,,,,,,,,,,,,,,,,,,,,,,,,,,,,,,,,,,,,,,,,,,,,,,,,,,,,,,,,,,,,,,,,,,,,,,,,,,,,,,,,,,,,,,,,,,,,,,,,,,,,,,,,,,
rechiseled,X,,,,,X,,,X,,X,X,,,,X,,,,,,,,X,,X,X,,X,,,,,,,,,,,,X,,,,,,,,,,,,,,,,,,,,,,,,,,,,,,,,,,,,,,,,,,,,,,,,,,,,,,X,,,,,,,,,,,,,,,,,,,,,,X,X,,,
rechiseled_chipped,,,,,,,,,,,,,,,,,,,,,,X,,,,,,,,,,,,,,,,,,,,,,,,,,,,,,,,,,,,,,,,,,,,,,,,,,,,,,,,,,,,,,,,,,,,,X,,,,X,,,,,,,,,,X,,,,,,,,,,,,,,,,
redstonepen,,,,,,,,,X,X,X,X,,,,,,,,,,X,X,X,,X,X,,X,,,,,,X,,,,,,,,,,,,,,,,,,,,,,,,,,,,,,,,,,,,,,,,,,,,,,,,,,,,,,,,,,,,X,,,,,,,,,,,,,,X,,,,,,,,,,,,
reeses_sodium_options,,,,,,,,,,,,,,,,,,,,,,X,,,,,,,,,,,,,,,,,,,,,,,,,,,,,,,,,,,,,,,,,,,,,,,,,,,,,,,,,,,,,,,,,,,,,,,,,X,,,,,,,,,,X,,,,,,,,,,,,,,,,
refurbished_furniture,,,,,,X,,,X,X,X,X,,,,,,,X,,X,X,X,X,,X,X,,X,,,,X,,X,X,,,,,X,,,,,,,,,,,,,,,,,,,,,,,,,,,,,,,,,,,,,,X,,,,,,,,X,,,,,,,,X,,,,,,,,,,X,,,,X,,,,,,,X,X,X,,,
regions_unexplored,,,,,,X,,,X,,X,X,,,,,,,X,,,,,X,,X,X,,X,,,,X,,,,,,,,X,,X,,,,,,,,,,,,,,,,,,,,,,,,,,,,,,,,,,,,,,,,,,,,,,,,,,,,X,,,,,,,,,,X,,,,,,,,,,,,X,X,,,
relics,,,,,,,,,X,X,X,X,,,,,,,X,,X,X,,X,,X,X,X,,,,X,X,X,,,,X,X,,X,X,,,,,,,,,,,,,,,,,,X,X,X,,,,X,,,,,,,,,,,,,,,,,,,,,X,,,X,,,,,X,,,,X,,,,,,X,,,,,,,X,X,,,,X,,,X,
reliquary,,,,,X,X,,,X,X,X,X,,,,,,,X,,,X,X,X,,X,X,,X,,,,X,X,X,X,,,,,X,,,,,,,,,,,,,,,,,,,,,,,,,,,,,,,,,,,,,,,,,,,,,,,,,,,,,,X,,,,,,,,,,,,,,,,,,,,,,X,X,,X,
repeatable_trial_vaults,,,,,,,,,,,,,,,,,,,,,,,,,,,,,,,,,,,,,,,,,X,,,,,,,,,,,,,,,,,,,,,,,,,,,,,,,,,,,,,,,,,,,,,,,,,,,,,,X,,,,,,,,,,X,,,,,,,,,,,,X,,,,
repurposed_structures,,,,,,,,,,,,,,,,,,,,,,,,,,,,,X,,,,,,,,,,,X,X,,X,,,,,,,,,,,,,,,,,,,,,,,,,,,,,,,,,,,,,,,,,,,,,,,,,,,,X,,,,,,,,,,X,,,,,,,,,,,,X,X,,X,
resourcefulconfig,,,,,,,,,,,,,,,,,,,,,,X,,,,,,,,,,,,,,,,,,,,,,,,,,,,,,,,,,,,,,,,,,,,,,,,,,,,,,,,,,,,,,,,,,,,,,,,,X,,,,,,,,,,X,,,,,,,,,,,,,,,,
resourcefullib,,,,,,,,,,,,X,,,,,,,,,,X,,,,,X,,,,,,,,X,,,,,,,,,,,,,,,,,,,,,,,,,,,,,,,,,,,,,,,,,,,,,,,,,,,,,,,,,,,,,,,,,,,,,,,,,,,,,,,,,X,,,,,
restrictions,,,,,,X,,,X,,X,X,,,,,,,,,,,,X,,X,X,,X,,,,,,,,,,,,,,,,,,,,,,,,,,,,,,,,,,,,,,,,,,,,,,,,,,,,,,,,,,,,,,,,,,X,,,,,,,,,,,,,,,,,,,,,,X,,,,
rftoolsbase,,,,,,X,,,X,X,X,X,,,,,,,,,,X,X,X,,X,X,,X,,,,,,,,,,,,X,,X,,,,,,,,,,,,,,,,,,,,,,,,,,,,,,,,,,,,,,,,,,,,,,,,,,,,X,,,,,,,,,,,,,,,X,,,,,,,X,,,X,
rftoolsbuilder,,,,,X,X,,,X,X,X,X,,,,,,,,,,X,X,X,,X,X,,X,,X,,,,,,,,,,X,,,,,,,,,,,,,,,,,,,,,,,,,,,,,,,,,,,,,,,,,,,,,,,,,,,,,,X,,,,,,,,,,,,,,,X,,,,,X,X,X,,,X,
rftoolspower,,,,,X,X,,,X,X,X,X,,,,,,,,,,X,X,X,,X,X,,X,,,,,,,,,,,,X,,,,,,,,,,,,,,,,,,,,,,,,,,,,,,,,,,,,,,,,,,,,,,,,,,,,,,X,,,,,,,,,,,,,,,X,,,,,,X,X,,,X,
rhino,,,,,,,,,,,,,,,,,,,,,,,,,,,,,,,,,,,,,,,,,,,,,,,,,,,,,,,,,,,,,,,,,,,,,,,,,,,,,,,,,,,,,,,,,,,,,,,,,,,,,,,,,,,,,,,,,,,,,,,,,
rootsclassic,X,,X,,,X,,,X,X,X,X,,,,,,,X,,,X,X,X,,X,X,,X,X,,,X,,X,X,,,,,X,,,,,,,,,,,,,,,,,,,,X,,X,,,,,,,,,,,,,,,,,,,,,,,,,,,,,,,,X,,,,,,,,,,,,,,,,,X,,,,,X,X,,X,
sawmill,,,,,,X,,,X,,X,X,,,,X,,,,,,X,,X,,,,,X,,,,,,X,,,,,,X,,,,,,,,,,,,,,,,,,,,,,,,,,,,,,,,,,,,,,,,,,,,,,,X,,,,,,X,X,,,,,,,,,,X,,,,,,,,,,,,X,,,,
searchables,,,,,,,,,,,,,,,,,,,,,,,,,,,,,,,,,,,,,,,,,,,,,,,,,,,,,,,,,,,,,,,,,,,,,,,,,,,,,,,,,,,,,,,,,,,,,,,X,,,,,,,,,,,,,,,,,,,,,,,,,,
securitycraft,,,X,,X,X,,,X,X,X,X,,,,,,,X,X,X,X,X,X,X,X,X,X,X,X,,X,X,,X,,,,,,X,,,,,,,,X,X,,,,,,,,X,X,,X,,,,,,,,,,,,,,X,,,,X,,X,,,,,,X,X,,,,X,,,X,X,,X,,,,,,,X,,,,X,,X,,,X,,X,X,,,,
servercore,,,,,,,X,,,,,,,,,,,,X,,,,,,,,,,,X,,,,,,,,X,,,,,,,,,,,,,,,,,,,,,,,,,,,,,,,,,,,,,,,,,,,,,,,,,,,,X,,X,,,,,,,,,,,,,X,,,,,,,,,X,,,X,,,,
sfm,,,,,,X,,,X,X,X,X,,,,,,,,,X,X,,X,X,X,X,X,X,,,X,,,X,,,X,,,X,,,,,,,,,X,,,,,X,,,,,,,,,,,,,,,,,,,,,,,,,,,,,,,,,,,,,,,,X,,,,,,,,X,,,,,,X,,,,,,,,X,,,,
showcaseitem,,,X,,,,,,,,,,,,,,,,,,,,,,,,,X,,,,,,,,,,,,,,,,,,,,,,,,,,,,,,,,,,,,,,,,,,,,,,,,,,,,,,,,,,,,,,,,,,,X,,,,,,,,,,X,,,,,,,,,,,,,,,,
shrink,,,,,,,,,,,,,,,,,,,,,,,X,X,,X,X,,,,,,,,,,,,,,,,,,,,,,,,,,,,,,,,,,,,,,,,,,,,,,,,,,,,,,,,,,,,,,,,,,,,X,,,,,,,,,,,,,,,,,,,,,,,,,,
silentgear,,,X,,,X,,X,X,X,X,X,,,,X,,,X,,X,X,X,X,,X,X,X,X,,,X,,,X,X,,,,,X,,X,,,,,,,,,,,,,,,,,,X,X,,,X,,,,,,,,,,,X,,,,X,,,,,,,,,,,,,,,X,X,X,,,,,,,,X,,,,,,,,X,X,X,,X,X,,X,
silentlib,,,,,,,,,,,,,,,,,,,,,,X,,,,,X,,,,,X,,,X,,,,,,,,,,,,,,,,,,,,,,,,,,,,,,,,,,,,,,,,,,,,,,,,,,,,,,,,,,,,X,,,,,,,,,,,,,,,,,,,,,,X,X,,,
simple_weather,,,,,,,,,,,,,,,,,,,,,,,,,,,,,,,,,X,,,,,,,,,,,,,,,,,,,,,,,,,,,,,,,,,,,,,,,,,,,,,,,,,,,,,,,,,,,,,,X,,,,,,,,,,X,,,,,,X,,,,,,,,,,
simplebackups,,,,,,,,,,,,,,,,,,,,,,,,,,,,,,,,,,,,,,X,,,,,,,,,,,,,X,,,,,,,,,,,,,,,,,,,,,,,,,,,,,X,X,,,,,,,,,,,,,,X,,,,,,,,,,,,,,,,,,,,X,X,X,,,,
simplemagnets,,,,,,X,,,,,,X,,,,,,,,,,,,X,,,X,X,X,,,,,,,,,,,,X,,,,,,,,,,,,,,,,,,,,,,,,,,,,X,,,,,,,,,,,,,,,,,,,,,,,,,,X,,,,,,,,,,,,,,,,,,,,,,X,,,,
simplylight,,,,,,,,,X,,X,X,,,,,,,,,,,,X,,,X,,X,,,,,,,,,,,,X,,,,,,,,,,,,,,,,,,,,,,,,,,,,,,,,,,,,,,,,,,,,,,,,,,,,,,X,,,,,,,,,,,,,,,,,,,,,,,X,,,
smartbrainlib,,,,,,,,,,,,,,,,,,,X,,X,,,,,,,,,X,,,,,,,,,,,,,,,,,,,,,,,,,,,,,,,,,,,,,,,,,,,,,,,,,,,,,,,,,,,,,,,,,,,,,,,,,,,,,,,,,,,,,,,X,,,,
smithingtemplateviewer,,,X,,,,,,,,,,,,,,,,,,,,X,,,,,,,,,,,,,,,,,,,,,,,,,,,,,,,,,,,,,,,,,,,,,,,,,,,,,,,,,,,,,,,,,,,,X,,,,X,,,,,,,,,,,,,,,,,,,,,,X,,,,
sodium,,,,,,,,,X,,X,X,,,,,,,,,,X,X,,,,,,,,,,X,,,,,,,,,,,,,,,,,,,,,,,,,,,,,,,,,,,,,,,,,,,,,,,,,,,,,,,,,,,,,,X,,,,,,,,,,X,,,,,,,,,,,,X,,,,
sodium_extra,,,,,,,,,,,,,,,,,,,,,,X,,,,,,,,,,,,,,,,,,,,,,,,,,,,,,,,,,,,,,,,,,,,,,,,,,,,,,,,,,,,,,,,,,,,,,,,,X,,,,,,,,,,X,,,,,,,,,,,,X,,,,
solcarrot,,,X,,,X,,,,,,,,,,,,,,,,X,X,X,,X,X,,,,,X,,,,,,X,,,,,,,,,,,,X,,,,,,,X,,,,,,,,,,,,,,,,,,,,,,,X,,,,,,,,,,,,,,,X,,,,,,,,,,,,,,,,,,,,,,,,,,
sophisticatedbackpacks,,,,,X,X,,,X,X,X,X,,,,,,,X,,,X,,X,X,X,X,,X,,X,,,,X,X,,,,,X,,,,,,,,,,,,,,,,,,,,,,,,,,,,,,,,,,,,,,,,,,,,,,,,,,,,,,X,,,,,,,,,,,,,,,,,,,,,X,X,X,,X,
sophisticatedcore,,,,,,,,,,,X,X,,,,,,,,,,X,X,X,,X,X,,,,,,X,,X,,,,,,X,,,,,,,,,,,,,,,,,,,,,,,,,,,,,,,,,,,,,,,,,,,,,,,,,,,,,,X,,,,,,,,,,,,,,,,,,,,,X,X,X,,,
sophisticatedstorage,,,,,X,X,,,X,X,X,X,,,,,,,,,,X,X,X,X,X,X,,X,,X,,X,,X,X,,,,,X,,,,,,,,,,,,,,,,,,,,,,,,,,,,,,,,,,,,,,,,,,,,,,,,,,,,,,X,,,,,,,,,,,,,,,,,,,,,X,X,X,,,
spark,,,,,,,,,,,,,,X,,,,,,,,,,,,,,,,,,,,,,,,X,,,,,,,,,,,,,X,,,,,,,,,,,,,,,,,,,,,,,,,,,,,,,,,,,,,X,,,,,X,,,,,,,,,,,,,,,,,,X,,,X,,,X,,,,
spectrelib,,,,,,,,,,,,,,,,,,,,,,X,,,,,,,,,,,,,,,,,,,,,,,,,,,,,,,,,,,,,,,,,,,,,,,,,,,,,,,,,,,,,,,,,,,,,,,,,X,,,,,,,,,,,,,,,,,,,,,,,,,,
stevescarts,,,X,,,X,,,X,,X,X,,,,,,,X,,,X,X,X,X,X,X,,X,,,,,,,X,,,,,X,,,,,,,,,,,,,,,,,,,,,,,,,,,,,,,,,,,,,,,,,,,,,,,,,,,,,,X,,,,,,,,,,,,,,,,,,,,,,X,X,,,
storagedelight,,,,,,X,,,X,,X,X,,,,,,,,,,,,X,,,X,,X,,,,,,,,,,,,X,,,,,,,,,,,,,,,,,,,,,,,,,,,,,,,,,,,,,,,,,,,,,,,,,,,,,,X,,,,,,,,,,,,,,,,,,,,,,,,,,
structory,,,,,,,,,,,,,,,,,,,,,,,,,,,,,X,,,,,,,,,,,X,X,,X,,,,,,,,,,,,,,,,,,,,,,,,,,,,,,,,,,,,,,,,,,,,,,,,,,,,,,,,,,,,,,,,,,,,,,,,,,,,,,X
structory_towers,,,,,,,,,,,,,,,,,,,,,,,,,,,,,X,,,,,,,,,,,X,X,,X,,,,,,,,,,,,,,,,,,,,,,,,,,,,,,,,,,,,,,,,,,,,,,,,,,,,,,,,,,,,,,,,,,,,,,,,,,,,,,X
structurize,,,,,X,,,,X,X,X,X,,,,,,,,,X,,,X,X,X,X,X,,,X,X,,,,,,X,,,X,X,,,,,,,,X,,,,,,,,,,,,,,,,,,,,,,,,,,,,,,,X,,,,,,,,,,,,X,,X,,,,,,,,,,,,,,X,,X,,,,X,,X,X,,,
stylecolonies,,,,,,,,,,,,,,,,,,,,,,,,,,,,,,,,,,,,,,,,,,,,,,,,,,,,,,,,,,,,,,,,,,,,,,,,,,,,,,,,,,,,,,,,,,,,,,,,,,,,,,,,,,,,,,,,,,,,,X,,,,
supermartijn642configlib,,,,,,,,,,,,,,,,,,,,,,,,,,,,,,,,,,,,,,,,,,,,,,,,,,,,,,,,,,,,,,,,,,,,,,,,,,,,,,,,,,,,,,,,,,,,,,,,,,,,,,,,,,,,,,,,,,,,,,,,,
supermartijn642corelib,,,,,X,,,,,,,X,,,,,,,,,,X,X,,X,,X,,,,,,,,X,,,,,,X,,,,,,,,,,,,,,,,,,,,,,,,,,,,,,,,,,,,,,,,,,,,,,,,,,,,,,,,,,,,,,,,X,,,,,,,,,,,,X,X,,,
supplementaries,,,,,X,,X,,X,X,X,X,,,,X,,,X,,,X,X,X,X,X,X,,X,X,,,X,X,X,X,,,,,X,,X,,,,,,X,X,X,,,,,,,,,,,,,,,,X,,X,,,,,X,,,X,,,X,X,,,,,,X,,,X,,X,,,X,,,,,,,,,,X,X,,,,,X,,X,,,X,X,,,X,
sushigocrafting,,,,,,X,,,X,X,X,X,,,,,,,X,,,,X,X,,X,X,,X,X,,,,X,X,X,,,,,X,,X,,,,,,,,,,,,,,,,,,,,,,,,,,,,,,,,,,,,,,,,,,,,,,,,,,,,X,,,,,,,,,,,,,,,X,,,,,,,X,X,,X,
sussysniffers,,,X,,,,,,,,,,,,,,,,X,,,,,,,,,,,X,,,,,,,,,,,X,,,,,,,,,,,,,,,,,,,,,,,,,,,,,,,,,,,,,,,,,,,,,,,,,,,,,,,,,,,,,,,,X,,,,,,,,,,,,X,,,,
t_and_t,,,,,,,,,,,,,,,,,,,,,,,,,,,,,X,,,,,,,,,,,X,X,,X,,,,,,,,,,,,,,,,,,,,,,,,,,,,,,,,,,,,,,,,,,,,,,,,,,,,,,,,,,,,,,,,,,,,,,,,,,,,,,
terrablender,,,,,,,,,,,,,,,,,,,,,,,,,,,,,,,,,,,,,,,,,X,,X,,,,,,,,,,,,,,,,,,,,,,,,,,,,,,,,,,,,,,,,,,,,,,,,,,,,X,,,,,,,,,,X,,,,,,,,,,,,X,,,,
tesseract_api,,,,,,,,,,,,X,,,,,,,,,,,,,,,,,,,,,,,,,,,,,,X,,,,,,,,,,,,,,,,,,,,,,,,,,,,,,,,,,,,,,,,,,,,,,,,,,,,,X,,,,,,,,,,X,,,,,,,,,,,,,X,,,
the_bumblezone,,,,,,X,X,,X,X,X,X,,,,,X,X,X,,,X,X,X,,X,X,,X,X,,,X,X,X,X,,,,X,X,,X,,,,,,,,,,,,,,,,,,,,,,,,,,,,,,,,,,,,,,,,,,,,,,,,,,,,X,,,,,,,,,,X,,,,,,,,,,,X,X,X,,X,
theurgy,,,,,,,,,X,X,X,X,,,,,,,X,,,X,X,X,X,X,X,,X,,,,X,,X,X,,,,,X,,X,,,,,,,,,,,,,,,,,,,,,,,,,,,,,,,,,,,,,,,,,,,,,,,,,,,,X,,,,,,,,,,,,,,,,,,,,,X,X,X,,,
theurgy_kubejs,,,,,,,,,,,,,,,,,,,,,,,,X,,,,,,,,,,,,,,,,,,,,,,,,,,,,,,,,,,,,,,,,,,,,,,,,,,,,,,,,,,,,,,,,,,,,,,,,,,,,,,,,,,,,,,,,,,,,,X,,,,
tiab,,,,,,,,,,,,,,,,,,,X,,,,,X,,X,X,,,,,,,,,,,,,,X,,,,,,,,,,,,,,,,,,,,,,,,,,,,,,,,,,,,,,,,,,,,,,,,,,,,,,X,,,,,,,,,,,,,,,,,,,,,,,,,,
titanium,,,,,,,,,X,,X,X,,,,,,,,,,X,X,X,,,X,,,,,,,,X,,,,,,,,,,,,,,,,,,,,,,,,,,,,,,,,,,,,,,,,,,,,,,,,,,,,,,,,,,,,X,,,,,,,,,,,,,,,,,,,,,X,X,X,,,
toastcontrol,,,X,,,,,,,,,,,,,,,,,,,,,,,,,X,,,,,,,,,,,,,,,,,,,,,,,,,,,,,,,,,,,,,,,,,,,,,,,,,,,,,,,,,,,,,,,,,,,X,,,,,,,,,,,,,,,,X,,,,,,X,,,,
tombstone,,,X,,,X,X,X,X,X,X,X,X,X,,,,,X,X,X,X,X,X,,X,X,X,X,X,,X,X,X,X,,,X,X,,X,X,,,,X,,,,,,,,,,,X,,,,X,X,X,,,,X,,X,,,,,X,,,,,X,X,X,,X,,,,X,,,,X,,X,,X,X,,,,,,,,,X,,,,X,,X,X,,X,,,X,,,,
toolbelt,,,,,,X,,,,,,,,,,,,,,,,X,X,X,,X,X,X,,,,,,,,,,,,,X,,,,,,,,,,,,,,,,X,,,,,,X,,,,,,X,,,,,,,,,,,X,,,,,,,,,,,,,,,X,,,,,,,,,,,,,,,,X,,X,,,,X,X,,,
torchmaster,,,,,,,,,X,,X,X,,,,,,,,,,,,X,,,X,,X,,,,,,,,,,,,X,,,,,,,,,,,,,,,,,,,,,,,,,,,,,,,,,,,,,,,,,,,,,,,,,,,,,,X,,,,,,,,,,X,,,,,,,,,,,X,,,,,
towntalk,,,,,,,,,,,,,,,,,,,,,,,,,,,,,,,,,,,,,,,,,,,,,,,,,,,,,,,,,,,,,,,,,,,,,,,,,,,,,,,,,,,,,,,,,,,,,,,,,,,,,,,,,,,,,,,,,,,,,,X,,,
trashcans,,,,,,X,,,,,,X,,,,,,,,,,X,,X,,,,,X,,,,,,,,,,,,X,,,,,,,,,,,,,,,,,,,,,,,,,,,,,,,,,,,,,,,,,,,,,,,,,,,,,,X,,,,,,,,,,,,,,,,,,,,,,X,,,,
trashslot,,,,,,,,,,,,,,,,,,,,,,,X,,,X,,,,,,,,,,,,,,,,,,,,,,,,,,,,,,,,,,,,,,,,,,,,,,,,,,,,,,,,,,,,,,,,,,,,,X,,,,,,,,,,,,,,,,,,,,,,,,,,
trophymanager,,,,,,,,,,X,,X,,,,,,,X,X,X,X,X,X,X,,X,,X,X,,X,,,,,,,,,X,,,,,,,,,,,,,,,,,,,,,,,,,,,,,,,,,,,,,,,,,,,,,,,,,,,,,,X,,,,,,,,,,,,,,,,,,,,,,X,,,,
twilightforest,,,,,X,X,X,,X,X,X,X,,,,,X,X,X,X,,X,X,X,X,X,X,,X,X,X,,X,X,X,X,,,,X,X,,X,,,,X,,,,,,,,,,X,,,,X,X,,X,,,,,X,X,,,,,,X,,,,X,,,X,,,,X,,,,,,,X,X,X,,X,,X,,,,,,,,,,,,X,X,,,X,X,X,,X,
undergarden,,,,,,X,X,,X,X,X,X,,,,,X,X,X,,,X,,X,X,X,X,,X,X,,,X,X,,,,,,X,X,,X,,,,,,,,,,,,,,,,,,,,,,,,,,,,,,,,,,,,,,,,,,,,,,,,,,,,X,,,,,,,,,,X,,,,,,,,,,,,X,X,,,
underground_villages,,,,,,,,,,,,,,,,,,,,,,,,,,,,,,,,,,,,,,,,X,X,,X,,,,,,,,,,,,,,,,,,,,,,,,,,,,,,,,,,,,,,,,,,,,,,,,,,,,,,,,,,,,,,,,,,,,,,,,,,,X,,,
utilitarian,,,X,,,X,,,X,X,X,X,,,,,,,,,X,,,X,,X,X,,X,,,,,,,X,,,,,X,,,,,,,,,X,,,,,,,,,,,,,,,,,,,X,,,,,,,,,,,,,,,,,,,,,,,,,,X,,,,,,,X,,,X,,,,,,,,,,,,X,X,,,
valhelsia_core,,,,,,,,,,,,X,,,,,,,X,,X,,,,,,,,,,,,,,,,,,,,,,,,,,,,,,,,,,,,,,,,,,,,,,,,,,,,,,,,,,,,,,,,,,,,,,,,,,,,,,,,,,,,X,,,,,,,,,,,,X,X,,,
variantsandventures,,,,,,,,,,,,,,,,,,,X,,,,,X,,,X,,,X,,,,,,,,,,,X,,,,,,,,,,,,,,,,,,,,,,,,,,,,,,,,,,,,,,,,,,,,,,,,,,,,,,X,,,,,,,,,,X,,,,,,,,,,,,X,,,,
villagesandpillages,,,,,,,,,,,,,,,,,,,,,,,,,,,,,X,,,,,,,,,,,X,X,,X,,,,,,,,,,,,,,,,,,,,,,,,,,,,,,,,,,,,,,,,,,,,,,,,,,,,,,,,,,,,,,X,,,,,,,,,,,,X,,,,
waystones,,,,,,X,,,X,X,X,X,,,,,,,,,,X,,X,,X,X,,X,,,,,,,,,,,X,X,,X,,,,,,,,X,,,,,,,,,,,,,,,,,,,,,,,,,,,,,,,,,,,,,,,,,,,,X,,,,,,,,,,X,,,,,,,,,,,X,,,,,
whodoesthat,,,X,,,,,,,,,,,X,,,,,,,,X,X,,,,,,,,,,,,,,,,,,,X,,,,,,,,,X,,,,,,,,,,,,,,,,,,,,,,,,,,,,,,,,,,,,,,,,,,,,X,,,,,,,,,,,,,,,,,,,,,,,X,,,
wirelesschargers,,,,,,X,,,X,,X,X,,,,,,,,,,,,X,,,,,X,,,,,,,,,,,,X,,,,,,,,,,,,,,,,,,,,,,,,,,,,,,,,,,,,,,,,,,,,,,,,,,,,,,X,,,,,,,,,,,,,,,,,,,,,,X,,,,
wits,,,,,,,,,,,,,,,,,,,,,,,,,,,,,,,,,,,,,,,,,,,,,,,,,,,,,,,,,,,,,,,,,,,,,,,,,,,,,,,,,,,,,,,,,,,,,,,,,,,,,,,,,,,,,,,,,,,,,X,,,,
wstweaks,,,,,,,,,,,,,,,,,,,,,,,,X,,,X,,,,,,,,,,,,,,,,,,,,,,,,,,,,,,,,,,,,X,,,,,,X,,,,,,,,,,,,,,,,,,,,,,,,,,X,,,,,X,,,,,,,,,,,,,,,,,X,,,X,
xnet,,,,,X,X,,,X,,X,X,,,,,,,,,,X,X,X,,X,X,,X,,X,,,,,,,,,,X,,,,,,,,,,,,,,,,,,,,,,,,,,,,,,,,,,,,,,,,,,,,,,,,,,,,,,X,,,,,,,,,,,,,,,X,,,,,X,X,X,,,X,
xtonesreworked,,,,,,,,,X,,X,X,,,,,,,,,,,,X,,,,,X,,,,,,,,,,,,X,,,,,,,,,,,,,,,,,,,,,,,,,,,,,,,,,,,,,,,,,,,,,,,,,,X,,,,X,,,,,,,,,,,,,,,,,,,,,,,,,,
xycraft_core,,,,,X,,,,,,X,X,,,,,,,,,,X,X,X,,X,X,X,,,X,,,,X,,,,X,,X,,,,,,,,,X,,,,,,,,,,,,,,,,,,,,,,,,,,,,,,X,,,,,,,X,,,,,,,X,X,,,,,,,,,,X,,,,,,,,X,,X,,,X,,,
xycraft_machines,,,,,X,X,,,X,X,X,X,,,,,,,,,X,X,,X,,X,X,,X,,X,,,,X,X,,,,,X,X,,,,,,,,X,,,,,,,,,,,,X,,,X,,,,,,,,,,,,,,,,,,,,,,X,,,,,,,,X,X,X,,,,,,,,X,X,,,X,,,,X,X,X,,X,X,,X,
xycraft_override,,X,,,,X,,,X,,X,X,,,,,,,,,,,,X,,,,,X,,,,,,,X,,,,,X,,,,,,,,,,,,,,,,,,,,,,,,,,,,,,,,,,,,,,,,,,,,,,,,,,,,,,X,,,,,,,,,,,,,,,,,,,,,,,X,,,
xycraft_world,,,,,,X,,,X,,X,X,,,,,,,,,,,,X,,X,,,X,,,,,,,X,,,,,X,,X,,,,,,,X,,,,,,,,,,,,,,,,,,,,,,,,,,,,,,,,,,,,,,,,,,,,,X,,,,,,,,,,,,,,,,,,,,,,,X,,,
yeetusexperimentus,,,,,,,,,,,,,,,,,,,,,,,,,,,,,,,,,,,,,,,,,,,,,,,,,,,,,,,,,,,,,,,,,,,,,,,,,,,,,,,,,,,,,,,,,,,,,,,,,,,,,,,,,X,,,,,,,,,,,,,,,,
yet_another_config_lib_v3,,,,,,,,,,,,,,,,,,,,,,X,X,,,,,,,,,,,,,,,,,,,,,,,,,,,,,,,,,,,,,,,,,,,,,,,,,,,,,,,,,,,,,,,,,,,,,,,,X,,,,,,,,,,X,,,,,,,,,,,,X,,,,
yungsapi,,,,,,,,,,,,,,,,,,,,,,,,,,,,,,,,,,,,,,,,,X,,,,,,,,,,,,,,,,,,,,,,,,,,,,,,,,,,,,,,,,,,,,,,,,,,,,,,,,,,,,,,,,X,,,,,,,,,,,,,,,,
yungsextras,,,,,,,,,,,,,,,,,,,,,,,,,,,,,X,,,,,,,,,,,X,X,,X,,,,,,,,,,,,,,,,,,,,,,,,,,,,,,,,,,,,,,,,,,,,,,,,,,,,,,,,,,,,,,,,,,,,,,,,,,,,,,
zerocore,,,,,X,,,,,,,X,,,,,,,,,,X,X,X,,X,X,,,,,,X,,X,,,,,,,,,,,,,,,,,,,,X,,,,,,,,,,,,,,,,,,,,,,,,,,,,,,,,,,,,,,,,X,,,,,,,,,,,,,,,,X,,,,X,,,X,,,
